"DateTime","Average Priority Fee","Price"
"2021-08-05 00:00:00",0,2690.2700000000004
"2021-08-06 00:00:00",1e-9,2835.9
"2021-08-07 00:00:00",1e-9,3019.74
"2021-08-08 00:00:00",1e-9,3070.0150000000003
"2021-08-09 00:00:00",1e-9,3041.6899999999996
"2021-08-10 00:00:00",2e-9,3143.3900000000003
"2021-08-11 00:00:00",2e-9,3198.6499999999996
"2021-08-12 00:00:00",2e-9,3110.24
"2021-08-13 00:00:00",3e-9,3182.41
"2021-08-14 00:00:00",3e-9,3270.495
"2021-08-15 00:00:00",4e-9,3219.315
"2021-08-16 00:00:00",2e-9,3237.52
"2021-08-17 00:00:00",3e-9,3143.25
"2021-08-18 00:00:00",3e-9,3039.38
"2021-08-19 00:00:00",1.6e-8,3075.635
"2021-08-20 00:00:00",4e-9,3240.295
"2021-08-21 00:00:00",4e-9,3259.73
"2021-08-22 00:00:00",4e-9,3202.265
"2021-08-23 00:00:00",6e-9,3306.6400000000003
"2021-08-24 00:00:00",7e-9,3255.375
"2021-08-25 00:00:00",8e-9,3164.535
"2021-08-26 00:00:00",9e-9,3155.45
"2021-08-27 00:00:00",1e-8,3170.1400000000003
"2021-08-28 00:00:00",9e-9,3250.435
"2021-08-29 00:00:00",1.7e-8,3221.0299999999997
"2021-08-30 00:00:00",1e-8,3247.675
"2021-08-31 00:00:00",1e-8,3335.41
"2021-09-01 00:00:00",1.2e-8,3613.42
"2021-09-02 00:00:00",1.2e-8,3780.8050000000003
"2021-09-03 00:00:00",1.6e-8,3869.495
"2021-09-04 00:00:00",1.5e-8,3902.465
"2021-09-05 00:00:00",1.2e-8,3909.2799999999997
"2021-09-06 00:00:00",1.2e-8,3922.34
"2021-09-07 00:00:00",3.9e-8,3559.01
"2021-09-08 00:00:00",1.2e-8,3389.4
"2021-09-09 00:00:00",1.7e-8,3481.705
"2021-09-10 00:00:00",1.2e-8,3331.495
"2021-09-11 00:00:00",6e-9,3274.575
"2021-09-12 00:00:00",5e-9,3351.91
"2021-09-13 00:00:00",7e-9,3275.17
"2021-09-14 00:00:00",8e-9,3354.8450000000003
"2021-09-15 00:00:00",6e-9,3489.7799999999997
"2021-09-16 00:00:00",8e-9,3579.195
"2021-09-17 00:00:00",6e-9,3474.0299999999997
"2021-09-18 00:00:00",4e-9,3456.115
"2021-09-19 00:00:00",8e-9,3369.21
"2021-09-20 00:00:00",7e-9,3135.45
"2021-09-21 00:00:00",8e-9,2890.635
"2021-09-22 00:00:00",6e-9,2914.51
"2021-09-23 00:00:00",1.3e-8,3107.2749999999996
"2021-09-24 00:00:00",7e-9,2953
"2021-09-25 00:00:00",4e-9,2887.17
"2021-09-26 00:00:00",6e-9,2929.565
"2021-09-27 00:00:00",5.5e-8,3045.935
"2021-09-28 00:00:00",7e-9,2880.835
"2021-09-29 00:00:00",6e-9,2866.88
"2021-09-30 00:00:00",8e-9,2943.53
"2021-10-01 00:00:00",6e-9,3151.66
"2021-10-02 00:00:00",6e-9,3364.805
"2021-10-03 00:00:00",5e-9,3416.6949999999997
"2021-10-04 00:00:00",7e-9,3359.58
"2021-10-05 00:00:00",9e-9,3456.34
"2021-10-06 00:00:00",8e-9,3485.92
"2021-10-07 00:00:00",1.1e-8,3518.87
"2021-10-08 00:00:00",8e-9,3602.725
"2021-10-09 00:00:00",6e-9,3586.57
"2021-10-10 00:00:00",7e-9,3507.325
"2021-10-11 00:00:00",8e-9,3498.545
"2021-10-12 00:00:00",8e-9,3476.55
"2021-10-13 00:00:00",1e-8,3513.34
"2021-10-14 00:00:00",9e-9,3707.865
"2021-10-15 00:00:00",1.6e-8,3818.6549999999997
"2021-10-16 00:00:00",6e-9,3886.2349999999997
"2021-10-17 00:00:00",6e-9,3784.715
"2021-10-18 00:00:00",1.5e-8,3785.895
"2021-10-19 00:00:00",6e-9,3811.0699999999997
"2021-10-20 00:00:00",6e-9,3999.345
"2021-10-21 00:00:00",7e-9,4194.225
"2021-10-22 00:00:00",6e-9,4030.285
"2021-10-23 00:00:00",5e-9,4054.8
"2021-10-24 00:00:00",6e-9,4074.535
"2021-10-25 00:00:00",7e-9,4152.625
"2021-10-26 00:00:00",8e-9,4194.795
"2021-10-27 00:00:00",1e-8,4115.31
"2021-10-28 00:00:00",1e-8,4095.745
"2021-10-29 00:00:00",9e-9,4364.174999999999
"2021-10-30 00:00:00",1e-8,4337.555
"2021-10-31 00:00:00",9e-9,4283.129999999999
"2021-11-01 00:00:00",9e-9,4268.505
"2021-11-02 00:00:00",1e-8,4445.610000000001
"2021-11-03 00:00:00",9e-9,4563.375
"2021-11-04 00:00:00",9e-9,4515.995
"2021-11-05 00:00:00",8e-9,4510.03
"2021-11-06 00:00:00",8e-9,4431.455
"2021-11-07 00:00:00",7e-9,4572.860000000001
"2021-11-08 00:00:00",9e-9,4720.29
"2021-11-09 00:00:00",1.1e-8,4775.5599999999995
"2021-11-10 00:00:00",1.1e-8,4677.075
"2021-11-11 00:00:00",1.2e-8,4680.32
"2021-11-12 00:00:00",1e-8,4659.09
"2021-11-13 00:00:00",9e-9,4646.530000000001
"2021-11-14 00:00:00",8e-9,4605.9400000000005
"2021-11-15 00:00:00",1e-8,4656.085
"2021-11-16 00:00:00",1e-8,4341.9400000000005
"2021-11-17 00:00:00",8e-9,4185.79
"2021-11-18 00:00:00",1e-8,4153.425
"2021-11-19 00:00:00",8e-9,4144.875
"2021-11-20 00:00:00",7e-9,4323.33
"2021-11-21 00:00:00",7e-9,4338.13
"2021-11-22 00:00:00",9e-9,4171.805
"2021-11-23 00:00:00",1e-8,4226.295
"2021-11-24 00:00:00",1e-8,4271.355
"2021-11-25 00:00:00",8e-9,4401.985000000001
"2021-11-26 00:00:00",8e-9,4239.07
"2021-11-27 00:00:00",1.7e-8,4109.405
"2021-11-28 00:00:00",1e-8,4134.245
"2021-11-29 00:00:00",9e-9,4372.555
"2021-11-30 00:00:00",9e-9,4554.27
"2021-12-01 00:00:00",8e-9,4654.8
"2021-12-02 00:00:00",9e-9,4536.16
"2021-12-03 00:00:00",7e-9,4374.3
"2021-12-04 00:00:00",9e-9,3965.26
"2021-12-05 00:00:00",7e-9,4147.5
"2021-12-06 00:00:00",7e-9,4149.85
"2021-12-07 00:00:00",6e-9,4346.08
"2021-12-08 00:00:00",6e-9,4342.584999999999
"2021-12-09 00:00:00",6e-9,4283.6
"2021-12-10 00:00:00",7e-9,4059.81
"2021-12-11 00:00:00",5e-9,3967.42
"2021-12-12 00:00:00",5e-9,4084.83
"2021-12-13 00:00:00",8e-9,3908.795
"2021-12-14 00:00:00",7e-9,3785.215
"2021-12-15 00:00:00",7e-9,3873.3
"2021-12-16 00:00:00",7e-9,4033.585
"2021-12-17 00:00:00",2.5e-8,3848.1800000000003
"2021-12-18 00:00:00",5e-9,3883.925
"2021-12-19 00:00:00",8e-9,3960.145
"2021-12-20 00:00:00",6e-9,3869.3450000000003
"2021-12-21 00:00:00",5e-9,3987.665
"2021-12-22 00:00:00",6e-9,4007.9300000000003
"2021-12-23 00:00:00",1e-8,4025.8050000000003
"2021-12-24 00:00:00",7e-9,4076.1000000000004
"2021-12-25 00:00:00",5e-9,4082.56
"2021-12-26 00:00:00",4e-9,4057.3
"2021-12-27 00:00:00",6e-9,4079.46
"2021-12-28 00:00:00",7e-9,3899.745
"2021-12-29 00:00:00",9e-9,3716.1
"2021-12-30 00:00:00",9e-9,3678.96
"2021-12-31 00:00:00",6e-9,3718.08
"2022-01-01 00:00:00",5e-9,3726.105
"2022-01-02 00:00:00",6e-9,3786.465
"2022-01-03 00:00:00",7e-9,3766.665
"2022-01-04 00:00:00",8e-9,3803.115
"2022-01-05 00:00:00",1e-8,3636.21
"2022-01-06 00:00:00",9e-9,3424.71
"2022-01-07 00:00:00",1e-8,3248.27
"2022-01-08 00:00:00",1e-8,3123.79
"2022-01-09 00:00:00",1.1e-8,3135.08
"2022-01-10 00:00:00",1e-8,3054.9300000000003
"2022-01-11 00:00:00",1.1e-8,3159.24
"2022-01-12 00:00:00",1.8e-8,3311.69
"2022-01-13 00:00:00",9e-9,3323.645
"2022-01-14 00:00:00",1e-8,3267.645
"2022-01-15 00:00:00",1.3e-8,3317.575
"2022-01-16 00:00:00",8e-9,3334.08
"2022-01-17 00:00:00",2.1e-8,3250.885
"2022-01-18 00:00:00",1.1e-8,3164.825
"2022-01-19 00:00:00",1.2e-8,3111.62
"2022-01-20 00:00:00",1.5e-8,3130.01
"2022-01-21 00:00:00",1.1e-8,2753.46
"2022-01-22 00:00:00",1.1e-8,2466.1850000000004
"2022-01-23 00:00:00",7e-9,2461.135
"2022-01-24 00:00:00",1.1e-8,2351.2200000000003
"2022-01-25 00:00:00",1.5e-8,2430
"2022-01-26 00:00:00",9e-9,2563.0699999999997
"2022-01-27 00:00:00",9e-9,2418.77
"2022-01-28 00:00:00",7e-9,2459.32
"2022-01-29 00:00:00",8e-9,2579.92
"2022-01-30 00:00:00",2.3e-8,2592.2
"2022-01-31 00:00:00",7e-9,2593.4700000000003
"2022-02-01 00:00:00",1.1e-8,2745.5150000000003
"2022-02-02 00:00:00",1.6e-8,2713.2349999999997
"2022-02-03 00:00:00",9e-9,2651.4350000000004
"2022-02-04 00:00:00",7e-9,2835.95
"2022-02-05 00:00:00",3.2e-8,3012.585
"2022-02-06 00:00:00",6e-9,3014.125
"2022-02-07 00:00:00",8e-9,3094.27
"2022-02-08 00:00:00",6e-9,3131.09
"2022-02-09 00:00:00",7e-9,3165.275
"2022-02-10 00:00:00",2.5e-8,3171.4300000000003
"2022-02-11 00:00:00",7e-9,3010.115
"2022-02-12 00:00:00",5e-9,2923.035
"2022-02-13 00:00:00",5e-9,2896.815
"2022-02-14 00:00:00",8e-9,2899.1099999999997
"2022-02-15 00:00:00",1.6e-8,3055.435
"2022-02-16 00:00:00",9e-9,3117.41
"2022-02-17 00:00:00",7e-9,3008.265
"2022-02-18 00:00:00",5e-9,2849.435
"2022-02-19 00:00:00",1.4e-8,2765.59
"2022-02-20 00:00:00",7e-9,2670.9700000000003
"2022-02-21 00:00:00",7e-9,2660.51
"2022-02-22 00:00:00",8e-9,2584.4049999999997
"2022-02-23 00:00:00",1.8e-8,2666.6099999999997
"2022-02-24 00:00:00",7e-9,2505.15
"2022-02-25 00:00:00",1.1e-8,2705.0950000000003
"2022-02-26 00:00:00",1.2e-8,2801.575
"2022-02-27 00:00:00",6e-9,2698.125
"2022-02-28 00:00:00",7e-9,2758.42
"2022-03-01 00:00:00",5e-9,2948.475
"2022-03-02 00:00:00",5e-9,2976.05
"2022-03-03 00:00:00",6e-9,2880.9449999999997
"2022-03-04 00:00:00",5e-9,2706.305
"2022-03-05 00:00:00",5e-9,2637.1549999999997
"2022-03-06 00:00:00",6e-9,2612.8450000000003
"2022-03-07 00:00:00",7e-9,2548.4350000000004
"2022-03-08 00:00:00",1.2e-8,2555.04
"2022-03-09 00:00:00",4e-9,2669.79
"2022-03-10 00:00:00",5e-9,2649.6899999999996
"2022-03-11 00:00:00",6e-9,2597.8100000000004
"2022-03-12 00:00:00",4e-9,2584.165
"2022-03-13 00:00:00",1.3e-8,2550.24
"2022-03-14 00:00:00",5e-9,2556.01
"2022-03-15 00:00:00",4e-9,2590.4
"2022-03-16 00:00:00",5e-9,2697.535
"2022-03-17 00:00:00",1.5e-8,2792.795
"2022-03-18 00:00:00",1.5e-8,2874.815
"2022-03-19 00:00:00",4e-9,2945.16
"2022-03-20 00:00:00",5e-9,2892.0299999999997
"2022-03-21 00:00:00",4e-9,2897.5550000000003
"2022-03-22 00:00:00",7e-9,2969.05
"2022-03-23 00:00:00",5e-9,2982.675
"2022-03-24 00:00:00",6e-9,3066.8500000000004
"2022-03-25 00:00:00",5e-9,3137.42
"2022-03-26 00:00:00",5e-9,3120.125
"2022-03-27 00:00:00",1.3e-8,3213.675
"2022-03-28 00:00:00",1.5e-8,3355.215
"2022-03-29 00:00:00",6e-9,3406.89
"2022-03-30 00:00:00",5e-9,3392.42
"2022-03-31 00:00:00",5e-9,3353.79
"2022-04-01 00:00:00",6e-9,3347.8999999999996
"2022-04-02 00:00:00",1e-8,3483.4
"2022-04-03 00:00:00",6e-9,3497.5
"2022-04-04 00:00:00",7e-9,3477.675
"2022-04-05 00:00:00",1.6e-8,3475.285
"2022-04-06 00:00:00",6e-9,3285.025
"2022-04-07 00:00:00",1.2e-8,3206.54
"2022-04-08 00:00:00",5e-9,3243.825
"2022-04-09 00:00:00",4e-9,3225.965
"2022-04-10 00:00:00",1.2e-8,3250.425
"2022-04-11 00:00:00",6e-9,3082.72
"2022-04-12 00:00:00",6e-9,3019.045
"2022-04-13 00:00:00",5e-9,3063.58
"2022-04-14 00:00:00",8e-9,3060.56
"2022-04-15 00:00:00",5e-9,3026.355
"2022-04-16 00:00:00",1e-8,3048.87
"2022-04-17 00:00:00",9e-9,3032.415
"2022-04-18 00:00:00",6e-9,2976.935
"2022-04-19 00:00:00",7e-9,3081.185
"2022-04-20 00:00:00",9e-9,3101.8450000000003
"2022-04-21 00:00:00",7e-9,3061.315
"2022-04-22 00:00:00",1.3e-8,2983.48
"2022-04-23 00:00:00",5e-9,2948.365
"2022-04-24 00:00:00",5e-9,2940.255
"2022-04-25 00:00:00",8e-9,2912.365
"2022-04-26 00:00:00",6e-9,2902.915
"2022-04-27 00:00:00",1e-8,2857.4849999999997
"2022-04-28 00:00:00",9e-9,2917.46
"2022-04-29 00:00:00",7e-9,2861.075
"2022-04-30 00:00:00",7e-9,2779.66
"2022-05-01 00:00:00",1.48e-7,2782.965
"2022-05-02 00:00:00",7e-9,2830.035
"2022-05-03 00:00:00",5e-9,2807.91
"2022-05-04 00:00:00",6e-9,2869.295
"2022-05-05 00:00:00",1.4e-8,2822.5699999999997
"2022-05-06 00:00:00",1.3e-8,2695.525
"2022-05-07 00:00:00",4e-9,2646.605
"2022-05-08 00:00:00",5e-9,2563.88
"2022-05-09 00:00:00",9e-9,2376.94
"2022-05-10 00:00:00",8e-9,2328.8450000000003
"2022-05-11 00:00:00",1.6e-8,2227.0299999999997
"2022-05-12 00:00:00",1.8e-8,1947.415
"2022-05-13 00:00:00",7e-9,2039.855
"2022-05-14 00:00:00",7e-9,2006.925
"2022-05-15 00:00:00",5e-9,2079.585
"2022-05-16 00:00:00",6e-9,2060.52
"2022-05-17 00:00:00",5e-9,2062.945
"2022-05-18 00:00:00",5e-9,2007.195
"2022-05-19 00:00:00",6e-9,1969.915
"2022-05-20 00:00:00",5e-9,1991.21
"2022-05-21 00:00:00",6e-9,1961.83
"2022-05-22 00:00:00",4e-9,2008.6699999999998
"2022-05-23 00:00:00",5e-9,2020.855
"2022-05-24 00:00:00",6e-9,1950.8049999999998
"2022-05-25 00:00:00",5e-9,1976.525
"2022-05-26 00:00:00",7e-9,1852.365
"2022-05-27 00:00:00",6e-9,1763.655
"2022-05-28 00:00:00",4e-9,1764.17
"2022-05-29 00:00:00",5e-9,1793.8400000000001
"2022-05-30 00:00:00",6e-9,1906.92
"2022-05-31 00:00:00",1.1e-8,1970.1
"2022-06-01 00:00:00",7e-9,1867.945
"2022-06-02 00:00:00",6e-9,1816.95
"2022-06-03 00:00:00",6e-9,1789.75
"2022-06-04 00:00:00",1e-8,1780.88
"2022-06-05 00:00:00",6e-9,1800.095
"2022-06-06 00:00:00",8e-9,1860.8449999999998
"2022-06-07 00:00:00",8e-9,1798.8049999999998
"2022-06-08 00:00:00",8e-9,1800.955
"2022-06-09 00:00:00",1.1e-8,1804.0549999999998
"2022-06-10 00:00:00",8e-9,1728.72
"2022-06-11 00:00:00",7e-9,1590.375
"2022-06-12 00:00:00",7e-9,1485.52
"2022-06-13 00:00:00",1.6e-8,1309.205
"2022-06-14 00:00:00",1.1e-8,1169.76
"2022-06-15 00:00:00",1.1e-8,1129.065
"2022-06-16 00:00:00",7e-9,1153.42
"2022-06-17 00:00:00",9e-9,1083.31
"2022-06-18 00:00:00",1.1e-8,989.85
"2022-06-19 00:00:00",8e-9,1045.29
"2022-06-20 00:00:00",6e-9,1109.3049999999998
"2022-06-21 00:00:00",8e-9,1149.975
"2022-06-22 00:00:00",7e-9,1084.4299999999998
"2022-06-23 00:00:00",8e-9,1098.3
"2022-06-24 00:00:00",9e-9,1187.79
"2022-06-25 00:00:00",6e-9,1217.005
"2022-06-26 00:00:00",6e-9,1236.97
"2022-06-27 00:00:00",7e-9,1205.575
"2022-06-28 00:00:00",8e-9,1185.23
"2022-06-29 00:00:00",1.3e-8,1120.5
"2022-06-30 00:00:00",9e-9,1052.185
"2022-07-01 00:00:00",5e-9,1070.54
"2022-07-02 00:00:00",4e-9,1052.1399999999999
"2022-07-03 00:00:00",5e-9,1062.895
"2022-07-04 00:00:00",5e-9,1101.69
"2022-07-05 00:00:00",6e-9,1123.5549999999998
"2022-07-06 00:00:00",6e-9,1156.375
"2022-07-07 00:00:00",5e-9,1207.96
"2022-07-08 00:00:00",5e-9,1233.6
"2022-07-09 00:00:00",1.2e-8,1218.37
"2022-07-10 00:00:00",4e-9,1186.2849999999999
"2022-07-11 00:00:00",7e-9,1127.7649999999999
"2022-07-12 00:00:00",6e-9,1064.825
"2022-07-13 00:00:00",8e-9,1063.52
"2022-07-14 00:00:00",6e-9,1141.975
"2022-07-15 00:00:00",5e-9,1233.22
"2022-07-16 00:00:00",5e-9,1295.835
"2022-07-17 00:00:00",5e-9,1352.98
"2022-07-18 00:00:00",6e-9,1464.78
"2022-07-19 00:00:00",7e-9,1559.1599999999999
"2022-07-20 00:00:00",6e-9,1553.9099999999999
"2022-07-21 00:00:00",5e-9,1535.365
"2022-07-22 00:00:00",4e-9,1581.49
"2022-07-23 00:00:00",4e-9,1542.935
"2022-07-24 00:00:00",4e-9,1605.4099999999999
"2022-07-25 00:00:00",5e-9,1522.815
"2022-07-26 00:00:00",4e-9,1405.645
"2022-07-27 00:00:00",6e-9,1532.87
"2022-07-28 00:00:00",6e-9,1691.19
"2022-07-29 00:00:00",5e-9,1711.49
"2022-07-30 00:00:00",4e-9,1709.63
"2022-07-31 00:00:00",4e-9,1709.97
"2022-08-01 00:00:00",1.1e-8,1656.01
"2022-08-02 00:00:00",4e-9,1619.6799999999998
"2022-08-03 00:00:00",4e-9,1636.93
"2022-08-04 00:00:00",4e-9,1621.975
"2022-08-05 00:00:00",4e-9,1673.2649999999999
"2022-08-06 00:00:00",3e-9,1718.355
"2022-08-07 00:00:00",3e-9,1699.175
"2022-08-08 00:00:00",4e-9,1755.1599999999999
"2022-08-09 00:00:00",5e-9,1730.26
"2022-08-10 00:00:00",8e-9,1771.43
"2022-08-11 00:00:00",5e-9,1896.2649999999999
"2022-08-12 00:00:00",4e-9,1910.19
"2022-08-13 00:00:00",4e-9,1983.8899999999999
"2022-08-14 00:00:00",4e-9,1968.615
"2022-08-15 00:00:00",8e-9,1940.98
"2022-08-16 00:00:00",4e-9,1884.395
"2022-08-17 00:00:00",4e-9,1887.4
"2022-08-18 00:00:00",3e-9,1851.93
"2022-08-19 00:00:00",5e-9,1725.615
"2022-08-20 00:00:00",3e-9,1590.685
"2022-08-21 00:00:00",4e-9,1604.2849999999999
"2022-08-22 00:00:00",4e-9,1579.305
"2022-08-23 00:00:00",4e-9,1618.15
"2022-08-24 00:00:00",4e-9,1649.74
"2022-08-25 00:00:00",4e-9,1687.9650000000001
"2022-08-26 00:00:00",5e-9,1596.375
"2022-08-27 00:00:00",3e-9,1483.705
"2022-08-28 00:00:00",3e-9,1467.1750000000002
"2022-08-29 00:00:00",4e-9,1491.09
"2022-08-30 00:00:00",5e-9,1540.23
"2022-08-31 00:00:00",5e-9,1571.72
"2022-09-01 00:00:00",4e-9,1556.1100000000001
"2022-09-02 00:00:00",4e-9,1598.085
"2022-09-03 00:00:00",3e-9,1558.66
"2022-09-04 00:00:00",3e-9,1561.85
"2022-09-05 00:00:00",4e-9,1593.29
"2022-09-06 00:00:00",4e-9,1621.25
"2022-09-07 00:00:00",5e-9,1573.6950000000002
"2022-09-08 00:00:00",5e-9,1629.5700000000002
"2022-09-09 00:00:00",5e-9,1687.625
"2022-09-10 00:00:00",5e-9,1748.5349999999999
"2022-09-11 00:00:00",4e-9,1755.875
"2022-09-12 00:00:00",5e-9,1738.215
"2022-09-13 00:00:00",7e-9,1658.835
"2022-09-14 00:00:00",4e-9,1601.755
"2022-09-15 00:00:00",8e-9,1556.705
"2022-09-16 00:00:00",5e-9,1445.83
"2022-09-17 00:00:00",4e-9,1442.7
"2022-09-18 00:00:00",5e-9,1398.165
"2022-09-19 00:00:00",5e-9,1337.04
"2022-09-20 00:00:00",5e-9,1348.7849999999999
"2022-09-21 00:00:00",8e-9,1310.185
"2022-09-22 00:00:00",5e-9,1290.095
"2022-09-23 00:00:00",5e-9,1310.9
"2022-09-24 00:00:00",4e-9,1327.96
"2022-09-25 00:00:00",4e-9,1303.91
"2022-09-26 00:00:00",6e-9,1310.095
"2022-09-27 00:00:00",5e-9,1352.415
"2022-09-28 00:00:00",6e-9,1306.6
"2022-09-29 00:00:00",5e-9,1320.0949999999998
"2022-09-30 00:00:00",5e-9,1344.58
"2022-10-01 00:00:00",3e-9,1318.52
"2022-10-02 00:00:00",3e-9,1294.85
"2022-10-03 00:00:00",3e-9,1297.6100000000001
"2022-10-04 00:00:00",4e-9,1344.5549999999998
"2022-10-05 00:00:00",6e-9,1340.72
"2022-10-06 00:00:00",4e-9,1365.4099999999999
"2022-10-07 00:00:00",4e-9,1339.7350000000001
"2022-10-08 00:00:00",3e-9,1320.65
"2022-10-09 00:00:00",4e-9,1318.2199999999998
"2022-10-10 00:00:00",5e-9,1313.95
"2022-10-11 00:00:00",4e-9,1282.945
"2022-10-12 00:00:00",4e-9,1290.62
"2022-10-13 00:00:00",6e-9,1250.35
"2022-10-14 00:00:00",5e-9,1313.605
"2022-10-15 00:00:00",4e-9,1282.905
"2022-10-16 00:00:00",4e-9,1295.005
"2022-10-17 00:00:00",7e-9,1317.25
"2022-10-18 00:00:00",6e-9,1314.255
"2022-10-19 00:00:00",8e-9,1296.92
"2022-10-20 00:00:00",6e-9,1291.21
"2022-10-21 00:00:00",7e-9,1280.85
"2022-10-22 00:00:00",5e-9,1307.005
"2022-10-23 00:00:00",5e-9,1335.445
"2022-10-24 00:00:00",5e-9,1347.46
"2022-10-25 00:00:00",6e-9,1429.72
"2022-10-26 00:00:00",5e-9,1526.4850000000001
"2022-10-27 00:00:00",5e-9,1541.67
"2022-10-28 00:00:00",5e-9,1529.395
"2022-10-29 00:00:00",5e-9,1605.94
"2022-10-30 00:00:00",4e-9,1608.745
"2022-10-31 00:00:00",5e-9,1591.75
"2022-11-01 00:00:00",4e-9,1587.6350000000002
"2022-11-02 00:00:00",6e-9,1561.33
"2022-11-03 00:00:00",1.5e-8,1536.955
"2022-11-04 00:00:00",6e-9,1599.895
"2022-11-05 00:00:00",4e-9,1643.77
"2022-11-06 00:00:00",4e-9,1602.125
"2022-11-07 00:00:00",4e-9,1577.665
"2022-11-08 00:00:00",9e-9,1415.02
"2022-11-09 00:00:00",1.1e-8,1209.165
"2022-11-10 00:00:00",9e-9,1218.905
"2022-11-11 00:00:00",7e-9,1253.4650000000001
"2022-11-12 00:00:00",6e-9,1262.655
"2022-11-13 00:00:00",5e-9,1236.1999999999998
"2022-11-14 00:00:00",5e-9,1229.8200000000002
"2022-11-15 00:00:00",5e-9,1260.6799999999998
"2022-11-16 00:00:00",4e-9,1226.275
"2022-11-17 00:00:00",6e-9,1204.475
"2022-11-18 00:00:00",4e-9,1214.9
"2022-11-19 00:00:00",3e-9,1214.03
"2022-11-20 00:00:00",4e-9,1177.935
"2022-11-21 00:00:00",5e-9,1112.155
"2022-11-22 00:00:00",5e-9,1107.52
"2022-11-23 00:00:00",4e-9,1157.7199999999998
"2022-11-24 00:00:00",4e-9,1197.4650000000001
"2022-11-25 00:00:00",3e-9,1188.065
"2022-11-26 00:00:00",3e-9,1214.71
"2022-11-27 00:00:00",3e-9,1205.75
"2022-11-28 00:00:00",4e-9,1174.475
"2022-11-29 00:00:00",3e-9,1191.86
"2022-11-30 00:00:00",4e-9,1260.775
"2022-12-01 00:00:00",4e-9,1281.5100000000002
"2022-12-02 00:00:00",3e-9,1281.3899999999999
"2022-12-03 00:00:00",3e-9,1272.12
"2022-12-04 00:00:00",3e-9,1263.44
"2022-12-05 00:00:00",4e-9,1276.4099999999999
"2022-12-06 00:00:00",4e-9,1258.375
"2022-12-07 00:00:00",6e-9,1246.905
"2022-12-08 00:00:00",4e-9,1256.8200000000002
"2022-12-09 00:00:00",2e-9,1275.885
"2022-12-10 00:00:00",3e-9,1271.41
"2022-12-11 00:00:00",3e-9,1270.6799999999998
"2022-12-12 00:00:00",3e-9,1259.76
"2022-12-13 00:00:00",4e-9,1301.435
"2022-12-14 00:00:00",4e-9,1326.425
"2022-12-15 00:00:00",3e-9,1285.7350000000001
"2022-12-16 00:00:00",4e-9,1218.775
"2022-12-17 00:00:00",3e-9,1175.925
"2022-12-18 00:00:00",3e-9,1184.71
"2022-12-19 00:00:00",3e-9,1173.46
"2022-12-20 00:00:00",4e-9,1195.83
"2022-12-21 00:00:00",3e-9,1212.43
"2022-12-22 00:00:00",3e-9,1207.105
"2022-12-23 00:00:00",3e-9,1221.065
"2022-12-24 00:00:00",3e-9,1220.2350000000001
"2022-12-25 00:00:00",3e-9,1211.6599999999999
"2022-12-26 00:00:00",3e-9,1221.27
"2022-12-27 00:00:00",3e-9,1217.755
"2022-12-28 00:00:00",3e-9,1198.5149999999999
"2022-12-29 00:00:00",3e-9,1195.865
"2022-12-30 00:00:00",3e-9,1191.88
"2022-12-31 00:00:00",4e-9,1199.325
"2023-01-01 00:00:00",3e-9,1197.3049999999998
"2023-01-02 00:00:00",4e-9,1207.375
"2023-01-03 00:00:00",4e-9,1212.215
"2023-01-04 00:00:00",1.1e-8,1239.72
"2023-01-05 00:00:00",4e-9,1250.77
"2023-01-06 00:00:00",4e-9,1255.75
"2023-01-07 00:00:00",3e-9,1265.775
"2023-01-08 00:00:00",4e-9,1275.3
"2023-01-09 00:00:00",4e-9,1314.5900000000001
"2023-01-10 00:00:00",4e-9,1331.63
"2023-01-11 00:00:00",4e-9,1357.13
"2023-01-12 00:00:00",4e-9,1402.2
"2023-01-13 00:00:00",5e-9,1432.635
"2023-01-14 00:00:00",5e-9,1525.17
"2023-01-15 00:00:00",4e-9,1541.565
"2023-01-16 00:00:00",6e-9,1562.2150000000001
"2023-01-17 00:00:00",4e-9,1574.685
"2023-01-18 00:00:00",5e-9,1556.1799999999998
"2023-01-19 00:00:00",4e-9,1536.235
"2023-01-20 00:00:00",4e-9,1602.405
"2023-01-21 00:00:00",4e-9,1650.395
"2023-01-22 00:00:00",4e-9,1635.115
"2023-01-23 00:00:00",4e-9,1619.65
"2023-01-24 00:00:00",8e-9,1589.315
"2023-01-25 00:00:00",5e-9,1578.87
"2023-01-26 00:00:00",5e-9,1605.805
"2023-01-27 00:00:00",5e-9,1587.5349999999999
"2023-01-28 00:00:00",4e-9,1582.645
"2023-01-29 00:00:00",4e-9,1612.675
"2023-01-30 00:00:00",4e-9,1593.35
"2023-01-31 00:00:00",5e-9,1582.9
"2023-02-01 00:00:00",6e-9,1602.875
"2023-02-02 00:00:00",5e-9,1671.28
"2023-02-03 00:00:00",5e-9,1651.965
"2023-02-04 00:00:00",4e-9,1670.5149999999999
"2023-02-05 00:00:00",4e-9,1642.5
"2023-02-06 00:00:00",5e-9,1632.6
"2023-02-07 00:00:00",6e-9,1645.375
"2023-02-08 00:00:00",6e-9,1664.365
"2023-02-09 00:00:00",6e-9,1591.6550000000002
"2023-02-10 00:00:00",5e-9,1525.445
"2023-02-11 00:00:00",4e-9,1525.7350000000001
"2023-02-12 00:00:00",4e-9,1521.5949999999998
"2023-02-13 00:00:00",5e-9,1495.205
"2023-02-14 00:00:00",7e-9,1530.54
"2023-02-15 00:00:00",6e-9,1610.86
"2023-02-16 00:00:00",7e-9,1687.82
"2023-02-17 00:00:00",6e-9,1676.9299999999998
"2023-02-18 00:00:00",5e-9,1696.135
"2023-02-19 00:00:00",6e-9,1696.665
"2023-02-20 00:00:00",7e-9,1686.025
"2023-02-21 00:00:00",6e-9,1676.9850000000001
"2023-02-22 00:00:00",6e-9,1632.295
"2023-02-23 00:00:00",6e-9,1654.2649999999999
"2023-02-24 00:00:00",5e-9,1620.7649999999999
"2023-02-25 00:00:00",4e-9,1584.675
"2023-02-26 00:00:00",4e-9,1618.685
"2023-02-27 00:00:00",5e-9,1637
"2023-02-28 00:00:00",5e-9,1623.025
"2023-03-01 00:00:00",6e-9,1633.1
"2023-03-02 00:00:00",6e-9,1648.575
"2023-03-03 00:00:00",6e-9,1598.635
"2023-03-04 00:00:00",4e-9,1563.725
"2023-03-05 00:00:00",5e-9,1571.77
"2023-03-06 00:00:00",5e-9,1569.045
"2023-03-07 00:00:00",7e-9,1559.9250000000002
"2023-03-08 00:00:00",5e-9,1548.9650000000001
"2023-03-09 00:00:00",6e-9,1477.525
"2023-03-10 00:00:00",7e-9,1405.21
"2023-03-11 00:00:00",1.5e-8,1454.47
"2023-03-12 00:00:00",8e-9,1532.98
"2023-03-13 00:00:00",7e-9,1635.455
"2023-03-14 00:00:00",6e-9,1724.105
"2023-03-15 00:00:00",6e-9,1668.72
"2023-03-16 00:00:00",6e-9,1666.37
"2023-03-17 00:00:00",5e-9,1734.115
"2023-03-18 00:00:00",4e-9,1798.545
"2023-03-19 00:00:00",5e-9,1804.235
"2023-03-20 00:00:00",5e-9,1768.4699999999998
"2023-03-21 00:00:00",5e-9,1781.335
"2023-03-22 00:00:00",5e-9,1770.075
"2023-03-23 00:00:00",5e-9,1796.1999999999998
"2023-03-24 00:00:00",5e-9,1775.38
"2023-03-25 00:00:00",3e-9,1739.9850000000001
"2023-03-26 00:00:00",5e-9,1770
"2023-03-27 00:00:00",5e-9,1735.1399999999999
"2023-03-28 00:00:00",6e-9,1748.96
"2023-03-29 00:00:00",5e-9,1799.675
"2023-03-30 00:00:00",6e-9,1796.65
"2023-03-31 00:00:00",5e-9,1813.955
"2023-04-01 00:00:00",4e-9,1826.4699999999998
"2023-04-02 00:00:00",4e-9,1800.1100000000001
"2023-04-03 00:00:00",5e-9,1802.255
"2023-04-04 00:00:00",5e-9,1846.2649999999999
"2023-04-05 00:00:00",4e-9,1901.37
"2023-04-06 00:00:00",4e-9,1882.695
"2023-04-07 00:00:00",4e-9,1863.565
"2023-04-08 00:00:00",4e-9,1864.3600000000001
"2023-04-09 00:00:00",4e-9,1850.955
"2023-04-10 00:00:00",4e-9,1883.5900000000001
"2023-04-11 00:00:00",6e-9,1910.405
"2023-04-12 00:00:00",4e-9,1894.475
"2023-04-13 00:00:00",4e-9,1961.9650000000001
"2023-04-14 00:00:00",5e-9,2070.4