"DateTime","Positive","Neutral","Negative","Price"
"2019-07-19 00:00:00",1,2,0,220.26
"2019-07-20 00:00:00",0,2,1,228.01
"2019-07-21 00:00:00",0,1,0,223.56
"2019-07-22 00:00:00",0,3,0,219.935
"2019-07-23 00:00:00",0,3,0,213.825
"2019-07-24 00:00:00",0,0,0,209.73
"2019-07-25 00:00:00",0,1,0,220.655
"2019-07-26 00:00:00",0,1,0,216.935
"2019-07-27 00:00:00",0,1,0,213.335
"2019-07-28 00:00:00",0,0,0,205.615
"2019-07-29 00:00:00",0,1,0,210.73000000000002
"2019-07-30 00:00:00",0,3,0,209.485
"2019-07-31 00:00:00",0,3,0,214.14499999999998
"2019-08-01 00:00:00",1,1,0,215.16
"2019-08-02 00:00:00",0,5,0,218.825
"2019-08-03 00:00:00",0,2,0,220.425
"2019-08-04 00:00:00",0,3,0,220.575
"2019-08-05 00:00:00",0,1,0,229.68
"2019-08-06 00:00:00",0,6,0,231.105
"2019-08-07 00:00:00",0,2,0,225.95
"2019-08-08 00:00:00",0,2,0,220.9
"2019-08-09 00:00:00",0,0,0,214.3
"2019-08-10 00:00:00",0,0,0,207.79
"2019-08-11 00:00:00",0,2,0,211.28
"2019-08-12 00:00:00",0,2,0,213.26999999999998
"2019-08-13 00:00:00",0,3,0,207.365
"2019-08-14 00:00:00",1,1,0,196.035
"2019-08-15 00:00:00",0,0,0,181.745
"2019-08-16 00:00:00",0,6,0,183.43
"2019-08-17 00:00:00",1,1,0,184.55
"2019-08-18 00:00:00",0,1,0,190.8
"2019-08-19 00:00:00",0,6,0,198.35
"2019-08-20 00:00:00",0,0,0,198.915
"2019-08-21 00:00:00",1,3,0,188.72500000000002
"2019-08-22 00:00:00",0,2,1,188.98000000000002
"2019-08-23 00:00:00",1,3,0,192.655
"2019-08-24 00:00:00",0,2,0,190.555
"2019-08-25 00:00:00",0,1,0,188
"2019-08-26 00:00:00",0,2,0,190.045
"2019-08-27 00:00:00",0,2,0,186.895
"2019-08-28 00:00:00",0,1,0,177.18
"2019-08-29 00:00:00",0,5,0,168.85500000000002
"2019-08-30 00:00:00",0,2,0,168.20999999999998
"2019-08-31 00:00:00",0,3,0,170.64
"2019-09-01 00:00:00",1,3,0,171.06
"2019-09-02 00:00:00",0,2,2,176.12
"2019-09-03 00:00:00",0,2,0,178.88
"2019-09-04 00:00:00",0,6,0,177.26
"2019-09-05 00:00:00",0,6,0,172.965
"2019-09-06 00:00:00",0,4,0,172.02499999999998
"2019-09-07 00:00:00",0,2,0,174.89499999999998
"2019-09-08 00:00:00",0,1,0,180.78
"2019-09-09 00:00:00",0,1,0,181.12
"2019-09-10 00:00:00",0,2,0,180.71
"2019-09-11 00:00:00",0,4,0,178.43
"2019-09-12 00:00:00",0,6,0,179.79000000000002
"2019-09-13 00:00:00",0,0,0,179.91
"2019-09-14 00:00:00",0,0,0,184.94
"2019-09-15 00:00:00",0,10,0,188.805
"2019-09-16 00:00:00",0,7,0,194.225
"2019-09-17 00:00:00",0,2,0,205.745
"2019-09-18 00:00:00",0,1,0,212.7
"2019-09-19 00:00:00",0,0,0,213.11
"2019-09-20 00:00:00",0,0,0,217.35000000000002
"2019-09-21 00:00:00",0,0,0,217.57999999999998
"2019-09-22 00:00:00",0,0,0,210.94
"2019-09-23 00:00:00",1,1,0,205.26
"2019-09-24 00:00:00",0,3,0,179.31
"2019-09-25 00:00:00",0,4,0,168.925
"2019-09-26 00:00:00",0,5,0,161.985
"2019-09-27 00:00:00",0,1,0,169.39499999999998
"2019-09-28 00:00:00",0,1,0,172.42000000000002
"2019-09-29 00:00:00",1,3,0,169.935
"2019-09-30 00:00:00",0,1,0,173.405
"2019-10-01 00:00:00",0,10,0,180.05
"2019-10-02 00:00:00",0,1,0,178.075
"2019-10-03 00:00:00",0,1,0,175.765
"2019-10-04 00:00:00",0,3,0,175.45999999999998
"2019-10-05 00:00:00",0,6,0,174.925
"2019-10-06 00:00:00",0,1,0,172.86
"2019-10-07 00:00:00",3,1,0,175.91500000000002
"2019-10-08 00:00:00",1,1,0,181.575
"2019-10-09 00:00:00",1,5,0,187.70499999999998
"2019-10-10 00:00:00",1,8,0,191.265
"2019-10-11 00:00:00",0,7,0,188.595
"2019-10-12 00:00:00",0,3,1,181.45999999999998
"2019-10-13 00:00:00",1,5,0,182.01999999999998
"2019-10-14 00:00:00",0,3,0,184.34
"2019-10-15 00:00:00",0,3,0,183.01
"2019-10-16 00:00:00",0,3,0,176.695
"2019-10-17 00:00:00",0,1,0,176.08499999999998
"2019-10-18 00:00:00",0,1,0,173.16
"2019-10-19 00:00:00",0,2,0,172.85500000000002
"2019-10-20 00:00:00",0,4,0,173.35500000000002
"2019-10-21 00:00:00",0,3,0,175.26
"2019-10-22 00:00:00",1,3,0,173.32
"2019-10-23 00:00:00",0,0,0,162.905
"2019-10-24 00:00:00",0,2,0,161.675
"2019-10-25 00:00:00",0,8,0,174.31
"2019-10-26 00:00:00",0,4,0,186.38
"2019-10-27 00:00:00",0,0,0,183.09
"2019-10-28 00:00:00",0,1,1,185.49
"2019-10-29 00:00:00",2,21,0,187.47
"2019-10-30 00:00:00",5,30,0,186.315
"2019-10-31 00:00:00",2,24,0,181.82
"2019-11-01 00:00:00",10,13,1,181.34
"2019-11-02 00:00:00",7,28,0,184.195
"2019-11-03 00:00:00",3,13,1,182.205
"2019-11-04 00:00:00",4,24,2,185.17000000000002
"2019-11-05 00:00:00",2,22,1,187.45
"2019-11-06 00:00:00",5,39,2,191.32999999999998
"2019-11-07 00:00:00",4,32,0,188.41
"2019-11-08 00:00:00",4,48,1,184.59
"2019-11-09 00:00:00",5,12,0,184.28
"2019-11-10 00:00:00",11,15,0,187.805
"2019-11-11 00:00:00",1,14,2,187.26
"2019-11-12 00:00:00",7,23,0,184.93
"2019-11-13 00:00:00",6,24,1,187.51
"2019-11-14 00:00:00",6,27,2,185.88
"2019-11-15 00:00:00",7,40,0,182.10500000000002
"2019-11-16 00:00:00",8,32,0,181.435
"2019-11-17 00:00:00",7,22,2,183.51
"2019-11-18 00:00:00",6,50,2,179.68
"2019-11-19 00:00:00",33,53,1,175.68
"2019-11-20 00:00:00",21,99,6,175.56
"2019-11-21 00:00:00",50,83,3,166.115
"2019-11-22 00:00:00",21,59,3,150.60000000000002
"2019-11-23 00:00:00",25,66,1,150.75
"2019-11-24 00:00:00",27,68,4,146.35000000000002
"2019-11-25 00:00:00",17,69,1,142.195
"2019-11-26 00:00:00",11,84,6,147.05
"2019-11-27 00:00:00",25,103,40,148.68
"2019-11-28 00:00:00",17,71,1,152.33499999999998
"2019-11-29 00:00:00",19,75,6,154.40499999999997
"2019-11-30 00:00:00",14,39,3,152.98000000000002
"2019-12-01 00:00:00",12,33,16,149.63
"2019-12-02 00:00:00",23,76,3,149.7
"2019-12-03 00:00:00",25,86,17,148.325
"2019-12-04 00:00:00",23,79,29,148.19
"2019-12-05 00:00:00",16,81,13,146.685
"2019-12-06 00:00:00",19,70,1,148.11
"2019-12-07 00:00:00",17,51,4,148.82999999999998
"2019-12-08 00:00:00",26,58,9,149.53
"2019-12-09 00:00:00",20,63,10,149.315
"2019-12-10 00:00:00",23,93,9,146.305
"2019-12-11 00:00:00",25,96,5,144.56
"2019-12-12 00:00:00",24,68,3,142.82999999999998
"2019-12-13 00:00:00",21,65,0,144.345
"2019-12-14 00:00:00",19,48,9,143.45
"2019-12-15 00:00:00",21,62,6,142.32999999999998
"2019-12-16 00:00:00",18,96,6,136.45499999999998
"2019-12-17 00:00:00",31,134,15,126.445
"2019-12-18 00:00:00",18,69,8,125.66
"2019-12-19 00:00:00",23,78,4,130.10999999999999
"2019-12-20 00:00:00",11,69,2,127.73
"2019-12-21 00:00:00",7,50,4,127.8
"2019-12-22 00:00:00",11,39,1,130.365
"2019-12-23 00:00:00",49,147,36,130.85500000000002
"2019-12-24 00:00:00",49,91,3,128.31
"2019-12-25 00:00:00",13,44,2,125.88
"2019-12-26 00:00:00",16,95,5,128.32
"2019-12-27 00:00:00",36,123,10,124.72
"2019-12-28 00:00:00",16,151,7,128.015
"2019-12-29 00:00:00",12,96,2,132.86
"2019-12-30 00:00:00",15,74,3,133.23
"2019-12-31 00:00:00",15,82,5,130.73
"2020-01-01 00:00:00",32,44,2,130.70999999999998
"2020-01-02 00:00:00",27,70,6,128.51
"2020-01-03 00:00:00",23,85,5,130.475
"2020-01-04 00:00:00",13,55,6,134.35
"2020-01-05 00:00:00",14,50,3,136.365
"2020-01-06 00:00:00",10,60,7,139.72500000000002
"2020-01-07 00:00:00",18,50,3,142.11
"2020-01-08 00:00:00",22,66,4,142.52999999999997
"2020-01-09 00:00:00",10,75,4,138.43
"2020-01-10 00:00:00",25,63,3,140.28
"2020-01-11 00:00:00",37,37,1,145.005
"2020-01-12 00:00:00",44,408,2,144.22500000000002
"2020-01-13 00:00:00",28,119,3,144.70499999999998
"2020-01-14 00:00:00",21,187,3,157.01
"2020-01-15 00:00:00",21,492,5,165.32
"2020-01-16 00:00:00",32,274,4,162.90499999999997
"2020-01-17 00:00:00",27,76,3,168.185
"2020-01-18 00:00:00",39,42,1,172.125
"2020-01-19 00:00:00",19,33,2,169.77499999999998
"2020-01-20 00:00:00",21,49,5,165.23000000000002
"2020-01-21 00:00:00",19,57,5,167.39999999999998
"2020-01-22 00:00:00",32,72,3,168.41000000000003
"2020-01-23 00:00:00",22,46,2,163.385
"2020-01-24 00:00:00",19,67,4,159.755
"2020-01-25 00:00:00",23,40,3,160.13
"2020-01-26 00:00:00",24,48,4,163.63
"2020-01-27 00:00:00",31,69,3,168.51999999999998
"2020-01-28 00:00:00",33,93,1,173.155
"2020-01-29 00:00:00",27,64,3,175.85
"2020-01-30 00:00:00",26,66,8,178.65499999999997
"2020-01-31 00:00:00",38,68,1,180.315
"2020-02-01 00:00:00",19,48,2,181.675
"2020-02-02 00:00:00",26,57,1,186.345
"2020-02-03 00:00:00",30,80,4,190.95
"2020-02-04 00:00:00",28,66,2,187.995
"2020-02-05 00:00:00",33,93,4,197.785
"2020-02-06 00:00:00",19,78,2,208.595
"2020-02-07 00:00:00",21,95,1,218.555
"2020-02-08 00:00:00",26,96,5,220.63
"2020-02-09 00:00:00",16,57,3,226.79500000000002
"2020-02-10 00:00:00",27,87,9,223.09
"2020-02-11 00:00:00",20,73,2,228.835
"2020-02-12 00:00:00",43,126,9,256.465
"2020-02-13 00:00:00",34,97,5,266.73
"2020-02-14 00:00:00",19,104,4,273.75
"2020-02-15 00:00:00",27,116,6,275.45500000000004
"2020-02-16 00:00:00",12,76,7,255.625
"2020-02-17 00:00:00",27,81,6,255.795
"2020-02-18 00:00:00",22,145,22,272.87
"2020-02-19 00:00:00",27,95,4,270.33500000000004
"2020-02-20 00:00:00",24,87,2,254.98000000000002
"2020-02-21 00:00:00",21,86,3,261.405
"2020-02-22 00:00:00",19,78,9,261.81
"2020-02-23 00:00:00",18,57,2,269
"2020-02-24 00:00:00",28,110,9,267.4
"2020-02-25 00:00:00",15,104,6,255.565
"2020-02-26 00:00:00",16,102,5,233.04
"2020-02-27 00:00:00",18,87,5,224.185
"2020-02-28 00:00:00",26,80,8,224.385
"2020-02-29 00:00:00",21,27,1,225.445
"2020-03-01 00:00:00",17,54,5,220.26999999999998
"2020-03-02 00:00:00",17,72,10,225.44
"2020-03-03 00:00:00",19,79,3,226.645
"2020-03-04 00:00:00",11,70,7,224.77499999999998
"2020-03-05 00:00:00",23,63,4,229.62
"2020-03-06 00:00:00",17,87,7,236.885
"2020-03-07 00:00:00",19,52,2,244.885
"2020-03-08 00:00:00",23,86,2,217.195
"2020-03-09 00:00:00",154,97,0,199.68
"2020-03-10 00:00:00",150,73,6,201.065
"2020-03-11 00:00:00",17,76,2,192.54000000000002
"2020-03-12 00:00:00",28,159,11,149.75
"2020-03-13 00:00:00",32,121,17,117.515
"2020-03-14 00:00:00",31,47,8,128.3
"2020-03-15 00:00:00",33,54,2,126.86
"2020-03-16 00:00:00",197,68,4,112.45
"2020-03-17 00:00:00",28,75,2,115.535
"2020-03-18 00:00:00",25,54,3,114.555
"2020-03-19 00:00:00",18,72,2,129.61
"2020-03-20 00:00:00",21,70,6,134.565
"2020-03-21 00:00:00",12,38,2,131.74
"2020-03-22 00:00:00",15,46,1,129.195
"2020-03-23 00:00:00",23,66,6,128.715
"2020-03-24 00:00:00",20,55,0,138.45499999999998
"2020-03-25 00:00:00",25,49,2,137.845
"2020-03-26 00:00:00",53,166,4,136.90499999999997
"2020-03-27 00:00:00",20,639,5,136.015
"2020-03-28 00:00:00",23,359,2,129.21
"2020-03-29 00:00:00",13,33,7,128.06
"2020-03-30 00:00:00",19,39,2,129.775
"2020-03-31 00:00:00",18,76,5,132.93
"2020-04-01 00:00:00",32,37,5,133.165
"2020-04-02 00:00:00",9,51,3,142.89499999999998
"2020-04-03 00:00:00",18,43,0,142.385
"2020-04-04 00:00:00",11,20,3,142.845
"2020-04-05 00:00:00",22,43,0,143.405
"2020-04-06 00:00:00",48,70,5,157.45999999999998
"2020-04-07 00:00:00",19,61,2,169.53
"2020-04-08 00:00:00",22,62,3,169.16
"2020-04-09 00:00:00",16,64,2,169.53
"2020-04-10 00:00:00",545,45,2,161.465
"2020-04-11 00:00:00",58,53,1,157.875
"2020-04-12 00:00:00",19,55,2,160.435
"2020-04-13 00:00:00",26,43,5,154.88
"2020-04-14 00:00:00",48,60,3,159
"2020-04-15 00:00:00",9,51,12,156.825
"2020-04-16 00:00:00",18,40,1,161.76999999999998
"2020-04-17 00:00:00",18,71,4,171.89
"2020-04-18 00:00:00",12,69,3,180.59
"2020-04-19 00:00:00",17,60,7,182.79500000000002
"2020-04-20 00:00:00",13,70,6,176.825
"2020-04-21 00:00:00",26,54,4,171.62
"2020-04-22 00:00:00",16,56,4,177.15
"2020-04-23 00:00:00",10,75,4,186.01
"2020-04-24 00:00:00",22,90,5,187.425
"2020-04-25 00:00:00",14,55,0,192.055
"2020-04-26 00:00:00",17,48,7,196.25
"2020-04-27 00:00:00",27,66,10,194.495
"2020-04-28 00:00:00",16,721,5,195.19
"2020-04-29 00:00:00",175,522,2,207.535
"2020-04-30 00:00:00",18,60,6,214.925
"2020-05-01 00:00:00",15,57,3,211.8
"2020-05-02 00:00:00",277,37,2,212.97500000000002
"2020-05-03 00:00:00",228,33,1,212.32
"2020-05-04 00:00:00",883,65,2,203.055
"2020-05-05 00:00:00",3,4,0,206.755
"2020-05-06 00:00:00",57,43,1,204.91500000000002
"2020-05-07 00:00:00",20,66,3,206.085
"2020-05-08 00:00:00",15,41,5,212.095
"2020-05-09 00:00:00",8,39,2,211.62
"2020-05-10 00:00:00",21,76,2,195.535
"2020-05-11 00:00:00",17,76,6,185.51
"2020-05-12 00:00:00",15,69,2,189.13
"2020-05-13 00:00:00",20,97,7,194.88
"2020-05-14 00:00:00",1051,95,13,201.05
"2020-05-15 00:00:00",8,33,1,198.01999999999998
"2020-05-16 00:00:00",23,44,2,198.245
"2020-05-17 00:00:00",252,161,14,204.69
"2020-05-18 00:00:00",677,149,8,211.945
"2020-05-19 00:00:00",78,120,4,212.575
"2020-05-20 00:00:00",75,134,8,210.91500000000002
"2020-05-21 00:00:00",72,119,12,201.52499999999998
"2020-05-22 00:00:00",89,149,4,202.70999999999998
"2020-05-23 00:00:00",52,109,6,208.02499999999998
"2020-05-24 00:00:00",79,103,4,205.175
"2020-05-25 00:00:00",89,139,3,201.95499999999998
"2020-05-26 00:00:00",100,152,7,200.92000000000002
"2020-05-27 00:00:00",108,102,5,204.67000000000002
"2020-05-28 00:00:00",77,141,6,212.635
"2020-05-29 00:00:00",103,163,7,221.16
"2020-05-30 00:00:00",102,192,8,232.70499999999998
"2020-05-31 00:00:00",56,103,7,237.64499999999998
"2020-06-01 00:00:00",2,18,1,240.745
"2020-06-02 00:00:00",4,7,1,240.7
"2020-06-03 00:00:00",1,3,0,239.225
"2020-06-04 00:00:00",0,0,0,241.33499999999998
"2020-06-05 00:00:00",6,31,2,243.49
"2020-06-06 00:00:00",12,59,5,241.25
"2020-06-07 00:00:00",19,78,5,240.155
"2020-06-08 00:00:00",449,97,12,244.41
"2020-06-09 00:00:00",904,111,8,242.815
"2020-06-10 00:00:00",182,127,1,246.34
"2020-06-11 00:00:00",475,88,8,238.085
"2020-06-12 00:00:00",27,132,7,233.735
"2020-06-13 00:00:00",26,123,3,236.66000000000003
"2020-06-14 00:00:00",29,144,1,234.27499999999998
"2020-06-15 00:00:00",26,121,12,226.01999999999998
"2020-06-16 00:00:00",24,110,9,232.44
"2020-06-17 00:00:00",29,99,11,232.51
"2020-06-18 00:00:00",22,119,10,231.065
"2020-06-19 00:00:00",40,93,3,229.195
"2020-06-20 00:00:00",10,73,3,228.26999999999998
"2020-06-21 00:00:00",30,87,12,229.16500000000002
"2020-06-22 00:00:00",29,123,11,237.095
"2020-06-23 00:00:00",21,121,8,242.865
"2020-06-24 00:00:00",16,106,8,240.065
"2020-06-25 00:00:00",461,108,8,231.24
"2020-06-26 00:00:00",13,81,7,230.37
"2020-06-27 00:00:00",35,89,6,223.695
"2020-06-28 00:00:00",16,54,5,222.82
"2020-06-29 00:00:00",20,104,4,225.54500000000002
"2020-06-30 00:00:00",24,112,7,225.825
"2020-07-01 00:00:00",22,107,5,228.49
"2020-07-02 00:00:00",28,90,4,227.62
"2020-07-03 00:00:00",28,76,6,226.32
"2020-07-04 00:00:00",21,53,4,227.66
"2020-07-05 00:00:00",17,43,6,226.8
"2020-07-06 00:00:00",35,93,4,234.555
"2020-07-07 00:00:00",34,110,5,239.22
"2020-07-08 00:00:00",26,122,4,243.47
"2020-07-09 00:00:00",29,81,7,242.82999999999998
"2020-07-10 00:00:00",36,106,3,239
"2020-07-11 00:00:00",19,81,10,239.685
"2020-07-12 00:00:00",17,77,9,240.31
"2020-07-13 00:00:00",17,68,6,241.36
"2020-07-14 00:00:00",25,85,5,239.495
"2020-07-15 00:00:00",24,101,8,239
"2020-07-16 00:00:00",30,68,5,234.64
"2020-07-17 00:00:00",22,80,5,233.05
"2020-07-18 00:00:00",22,73,2,234.655
"2020-07-19 00:00:00",23,87,3,236.66000000000003
"2020-07-20 00:00:00",27,105,12,237.06
"2020-07-21 00:00:00",37,73,3,241.39
"2020-07-22 00:00:00",31,107,6,255.24
"2020-07-23 00:00:00",26,127,2,270.765
"2020-07-24 00:00:00",28,125,5,278.145
"2020-07-25 00:00:00",32,122,8,294.495
"2020-07-26 00:00:00",47,117,8,309.75
"2020-07-27 00:00:00",46,171,8,322.55
"2020-07-28 00:00:00",47,158,7,316.82500000000005
"2020-07-29 00:00:00",62,100,3,319.23
"2020-07-30 00:00:00",42,91,4,328.06
"2020-07-31 00:00:00",43,122,6,339.28
"2020-08-01 00:00:00",36,98,9,368.41499999999996
"2020-08-02 00:00:00",32,103,6,379.7
"2020-08-03 00:00:00",99,129,7,382.66499999999996
"2020-08-04 00:00:00",157,140,9,392.01
"2020-08-05 00:00:00",27,113,11,395.90999999999997
"2020-08-06 00:00:00",46,126,6,397.495
"2020-08-07 00:00:00",32,102,11,381.735
"2020-08-08 00:00:00",45,120,14,386.95
"2020-08-09 00:00:00",31,87,9,392.29499999999996
"2020-08-10 00:00:00",49,120,11,393.405
"2020-08-11 00:00:00",49,120,4,382.61
"2020-08-12 00:00:00",37,125,5,377.79499999999996
"2020-08-13 00:00:00",43,137,9,404.36
"2020-08-14 00:00:00",38,115,9,431.335
"2020-08-15 00:00:00",34,75,4,436.09000000000003
"2020-08-16 00:00:00",27,84,7,424.945
"2020-08-17 00:00:00",40,179,15,433.86
"2020-08-18 00:00:00",61,120,10,424.775
"2020-08-19 00:00:00",56,137,11,410.735
"2020-08-20 00:00:00",70,180,6,410.86
"2020-08-21 00:00:00",51,143,2,401.99
"2020-08-22 00:00:00",26,109,7,388.49
"2020-08-23 00:00:00",38,102,6,390.57
"2020-08-24 00:00:00",55,97,5,399.055
"2020-08-25 00:00:00",296,98,13,389.74
"2020-08-26 00:00:00",47,90,4,385.54499999999996
"2020-08-27 00:00:00",43,133,10,384.38
"2020-08-28 00:00:00",16,90,5,389.08000000000004
"2020-08-29 00:00:00",13,68,5,399.145
"2020-08-30 00:00:00",35,65,6,414.21000000000004
"2020-08-31 00:00:00",22,205,15,428.845
"2020-09-01 00:00:00",61,506,55,459.315
"2020-09-02 00:00:00",27,241,17,451.4
"2020-09-03 00:00:00",19,132,12,412.45
"2020-09-04 00:00:00",19,104,13,382.145
"2020-09-05 00:00:00",41,208,33,352.795
"2020-09-06 00:00:00",19,108,16,338.565
"2020-09-07 00:00:00",10,67,5,341.105
"2020-09-08 00:00:00",8,58,3,341.15999999999997
"2020-09-09 00:00:00",7,64,6,345.105
"2020-09-10 00:00:00",12,63,8,363.99
"2020-09-11 00:00:00",10,58,9,365.73
"2020-09-12 00:00:00",8,112,5,376.70500000000004
"2020-09-13 00:00:00",17,96,12,371.74
"2020-09-14 00:00:00",12,67,9,370.20500000000004
"2020-09-15 00:00:00",7,102,16,372.53
"2020-09-16 00:00:00",18,107,13,364.33000000000004
"2020-09-17 00:00:00",25,135,19,378.93499999999995
"2020-09-18 00:00:00",9,77,6,384.15
"2020-09-19 00:00:00",8,65,7,382.85
"2020-09-20 00:00:00",6,40,6,375.685
"2020-09-21 00:00:00",3,71,6,354.58000000000004
"2020-09-22 00:00:00",10,64,9,341.345
"2020-09-23 00:00:00",10,64,8,329.655
"2020-09-24 00:00:00",15,61,12,334.99
"2020-09-25 00:00:00",12,64,5,348.025
"2020-09-26 00:00:00",8,70,9,351.46500000000003
"2020-09-27 00:00:00",5,59,4,354.88
"2020-09-28 00:00:00",4,51,8,360.12
"2020-09-29 00:00:00",2,37,1,355.53999999999996
"2020-09-30 00:00:00",0,12,0,356.46500000000003
"2020-10-01 00:00:00",5,61,5,357.795
"2020-10-02 00:00:00",5,38,5,344.495
"2020-10-03 00:00:00",3,24,4,347.685
"2020-10-04 00:00:00",4,24,3,349.405
"2020-10-05 00:00:00",3,24,6,352.48
"2020-10-06 00:00:00",3,19,3,346.125
"2020-10-07 00:00:00",3,32,5,338.07
"2020-10-08 00:00:00",5,22,5,343.875
"2020-10-09 00:00:00",0,1,0,357.85
"2020-10-10 00:00:00",0,0,0,371.86
"2020-10-11 00:00:00",0,0,0,373.305
"2020-10-12 00:00:00",0,0,0,380.52
"2020-10-13 00:00:00",0,0,0,381.29999999999995
"2020-10-14 00:00:00",1,18,1,380.62
"2020-10-15 00:00:00",2,10,3,375.725
"2020-10-16 00:00:00",5,22,5,370.735
"2020-10-17 00:00:00",4,22,3,367.145
"2020-10-18 00:00:00",5,49,2,373.075
"2020-10-19 00:00:00",5,38,3,378.73
"2020-10-20 00:00:00",9,79,17,373.435
"2020-10-21 00:00:00",18,137,12,384.985
"2020-10-22 00:00:00",7,80,3,406.29499999999996
"2020-10-23 00:00:00",7,39,3,410.70000000000005
"2020-10-24 00:00:00",5,50,6,412.17
"2020-10-25 00:00:00",6,59,7,410.635
"2020-10-26 00:00:00",16,77,13,397.015
"2020-10-27 00:00:00",26,132,8,400.325
"2020-10-28 00:00:00",7,81,13,395.20500000000004
"2020-10-29 00:00:00",5,57,4,387.425
"2020-10-30 00:00:00",5,84,10,383.065
"2020-10-31 00:00:00",18,92,7,387.35
"2020-11-01 00:00:00",3,60,10,391.21500000000003
"2020-11-02 00:00:00",8,72,11,391.53
"2020-11-03 00:00:00",5,75,6,380.525
"2020-11-04 00:00:00",10,64,9,392.86
"2020-11-05 00:00:00",19,127,17,408.92
"2020-11-06 00:00:00",18,135,5,436.81500000000005
"2020-11-07 00:00:00",6,68,2,447.155
"2020-11-08 00:00:00",5,20,2,446.45
"2020-11-09 00:00:00",3,16,5,446.645
"2020-11-10 00:00:00",6,37,3,447.255
"2020-11-11 00:00:00",6,47,9,463.29999999999995
"2020-11-12 00:00:00",6,65,3,461.54499999999996
"2020-11-13 00:00:00",8,64,5,468.035
"2020-11-14 00:00:00",2,16,5,465.01
"2020-11-15 00:00:00",5,51,7,451.74
"2020-11-16 00:00:00",9,35,4,465.195
"2020-11-17 00:00:00",8,60,11,485.53499999999997
"2020-11-18 00:00:00",3,49,9,476.80499999999995
"2020-11-19 00:00:00",3,33,3,475.56500000000005
"2020-11-20 00:00:00",23,133,12,492.78499999999997
"2020-11-21 00:00:00",13,79,5,528.1
"2020-11-22 00:00:00",12,98,10,547.19
"2020-11-23 00:00:00",15,105,10,580.53
"2020-11-24 00:00:00",10,111,9,617.915
"2020-11-25 00:00:00",2,40,2,580.51
"2020-11-26 00:00:00",11,65,8,529.665
"2020-11-27 00:00:00",9,30,7,512.895
"2020-11-28 00:00:00",0,3,0,539.115
"2020-11-29 00:00:00",0,14,1,563.63
"2020-11-30 00:00:00",6,29,6,593.72
"2020-12-01 00:00:00",4,57,5,601.265
"2020-12-02 00:00:00",4,44,7,590.625
"2020-12-03 00:00:00",6,47,3,605.125
"2020-12-04 00:00:00",1,11,4,593.3199999999999
"2020-12-05 00:00:00",0,13,2,590.315
"2020-12-06 00:00:00",5,21,4,604.72
"2020-12-07 00:00:00",0,14,2,595.01
"2020-12-08 00:00:00",2,38,5,572.145
"2020-12-09 00:00:00",6,39,2,554.31
"2020-12-10 00:00:00",4,15,0,561.895
"2020-12-11 00:00:00",1,7,1,548.135
"2020-12-12 00:00:00",2,7,0,558.7950000000001
"2020-12-13 00:00:00",3,24,2,579.46
"2020-12-14 00:00:00",26,76,9,583.69
"2020-12-15 00:00:00",22,87,11,588.0899999999999
"2020-12-16 00:00:00",43,135,10,610.015
"2020-12-17 00:00:00",29,89,6,651.48
"2020-12-18 00:00:00",29,109,7,646.915
"2020-12-19 00:00:00",31,85,5,658.095
"2020-12-20 00:00:00",40,75,10,641.4449999999999
"2020-12-21 00:00:00",41,94,14,622.215
"2020-12-22 00:00:00",35,75,10,612.895
"2020-12-23 00:00:00",35,99,10,595.365
"2020-12-24 00:00:00",17,86,7,590.33
"2020-12-25 00:00:00",19,77,6,619.0899999999999
"2020-12-26 00:00:00",36,73,7,633.795
"2020-12-27 00:00:00",18,106,12,669.8050000000001
"2020-12-28 00:00:00",41,149,8,714.085
"2020-12-29 00:00:00",57,164,7,714.13
"2020-12-30 00:00:00",57,176,6,737.905
"2020-12-31 00:00:00",38,134,7,739.3
"2021-01-01 00:00:00",39,65,7,733.425
"2021-01-02 00:00:00",36,105,14,752.49
"2021-01-03 00:00:00",61,183,12,890.94
"2021-01-04 00:00:00",54,253,15,1026.57
"2021-01-05 00:00:00",66,162,10,1054.795
"2021-01-06 00:00:00",52,193,6,1136.655
"2021-01-07 00:00:00",41,141,7,1221.03
"2021-01-08 00:00:00",66,124,4,1170.51
"2021-01-09 00:00:00",40,104,11,1240.77
"2021-01-10 00:00:00",46,153,15,1256.875
"2021-01-11 00:00:00",42,97,5,1085.98
"2021-01-12 00:00:00",33,113,6,1078.7749999999999
"2021-01-13 00:00:00",33,102,5,1060.99
"2021-01-14 00:00:00",34,119,7,1166.875
"2021-01-15 00:00:00",99,101,9,1162.28
"2021-01-16 00:00:00",72,167,6,1223.06
"2021-01-17 00:00:00",31,124,7,1218.045
"2021-01-18 00:00:00",48,141,14,1222.23
"2021-01-19 00:00:00",54,252,12,1346.0749999999998
"2021-01-20 00:00:00",57,180,9,1321.47
"2021-01-21 00:00:00",51,129,12,1237.795
"2021-01-22 00:00:00",41,157,6,1160.185
"2021-01-23 00:00:00",29,134,5,1235.06
"2021-01-24 00:00:00",31,119,13,1310.99
"2021-01-25 00:00:00",49,222,5,1385.755
"2021-01-26 00:00:00",46,202,1,1312.275
"2021-01-27 00:00:00",78,266,6,1291.08
"2021-01-28 00:00:00",27,222,8,1290.92
"2021-01-29 00:00:00",38,168,8,1364.8200000000002
"2021-01-30 00:00:00",32,168,5,1366.705
"2021-01-31 00:00:00",75,125,5,1332.65
"2021-02-01 00:00:00",33,115,10,1324.725
"2021-02-02 00:00:00",36,231,11,1455.52
"2021-02-03 00:00:00",42,306,9,1590.5149999999999
"2021-02-04 00:00:00",45,182,11,1628.0149999999999
"2021-02-05 00:00:00",54,189,12,1677.575
"2021-02-06 00:00:00",49,175,6,1696.395
"2021-02-07 00:00:00",53,246,13,1594.67
"2021-02-08 00:00:00",53,217,13,1672.615
"2021-02-09 00:00:00",55,402,11,1767.56
"2021-02-10 00:00:00",61,241,11,1759.755
"2021-02-11 00:00:00",59,285,25,1762.1
"2021-02-12 00:00:00",77,255,24,1804.135
"2021-02-13 00:00:00",42,153,20,1820.71
"2021-02-14 00:00:00",42,117,20,1819.405
"2021-02-15 00:00:00",41,142,7,1748.79
"2021-02-16 00:00:00",40,136,11,1776.2800000000002
"2021-02-17 00:00:00",49,173,8,1795.835
"2021-02-18 00:00:00",66,143,11,1900.48
"2021-02-19 00:00:00",44,174,17,1932.62
"2021-02-20 00:00:00",56,255,9,1928.94
"2021-02-21 00:00:00",65,188,9,1930.75
"2021-02-22 00:00:00",50,154,10,1692.28
"2021-02-23 00:00:00",89,132,11,1571.2350000000001
"2021-02-24 00:00:00",150,138,6,1607.095
"2021-02-25 00:00:00",134,102,14,1565.885
"2021-02-26 00:00:00",40,83,9,1481.82
"2021-02-27 00:00:00",118,111,8,1476.69
"2021-02-28 00:00:00",117,101,12,1381.875
"2021-03-01 00:00:00",168,102,10,1493.1
"2021-03-02 00:00:00",72,120,9,1530.42
"2021-03-03 00:00:00",47,112,3,1567.465
"2021-03-04 00:00:00",113,124,13,1565.315
"2021-03-05 00:00:00",199,91,3,1496.415
"2021-03-06 00:00:00",99,96,8,1592.53
"2021-03-07 00:00:00",145,84,4,1683.0549999999998
"2021-03-08 00:00:00",256,126,9,1754.83
"2021-03-09 00:00:00",322,85,10,1835.975
"2021-03-10 00:00:00",78,139,5,1818.35
"2021-03-11 00:00:00",62,143,9,1786.165
"2021-03-12 00:00:00",42,105,6,1782.02
"2021-03-13 00:00:00",50,109,10,1836.12
"2021-03-14 00:00:00",116,89,9,1884.795
"2021-03-15 00:00:00",104,91,9,1813.385
"2021-03-16 00:00:00",78,119,8,1767.885
"2021-03-17 00:00:00",93,106,7,1790.58
"2021-03-18 00:00:00",123,99,5,1804.6
"2021-03-19 00:00:00",57,192,11,1787.51
"2021-03-20 00:00:00",35,76,8,1834.9650000000001
"2021-03-21 00:00:00",38,61,6,1782.635
"2021-03-22 00:00:00",100,113,13,1732.385
"2021-03-23 00:00:00",60,103,8,1686.94
"2021-03-24 00:00:00",46,97,10,1643.615
"2021-03-25 00:00:00",44,86,5,1585.335
"2021-03-26 00:00:00",142,85,3,1643.495
"2021-03-27 00:00:00",96,96,8,1699.77
"2021-03-28 00:00:00",27,85,5,1693.875
"2021-03-29 00:00:00",81,122,5,1758.7800000000002
"2021-03-30 00:00:00",236,106,1,1823.195
"2021-03-31 00:00:00",48,119,23,1859.7649999999999
"2021-04-01 00:00:00",131,108,6,1935.415
"2021-04-02 00:00:00",117,299,10,2046.8049999999998
"2021-04-03 00:00:00",40,272,7,2070.76
"2021-04-04 00:00:00",41,104,5,2036.81
"2021-04-05 00:00:00",39,103,10,2066.865
"2021-04-06 00:00:00",88,116,10,2098.34
"2021-04-07 00:00:00",217,128,9,2029.8049999999998
"2021-04-08 00:00:00",40,130,5,2017.22
"2021-04-09 00:00:00",48,139,6,2074.92
"2021-04-10 00:00:00",41,278,6,2126.65
"2021-04-11 00:00:00",186,100,5,2138.6549999999997
"2021-04-12 00:00:00",73,138,9,2151.45
"2021-04-13 00:00:00",53,107,2,2225.13
"2021-04-14 00:00:00",205,107,7,2364.42
"2021-04-15 00:00:00",28,94,6,2473.48
"2021-04-16 00:00:00",60,101,6,2426.8
"2021-04-17 00:00:00",223,94,19,2406.235
"2021-04-18 00:00:00",,,,2158.04
"2021-04-19 00:00:00",,,,2176.31
"2021-04-20 00:00:00",42,97,4,2201.84
"2021-04-21 00:00:00",46,104,5,2353.76
"2021-04-22 00:00:00",47,97,10,2477.56
"2021-04-23 00:00:00",35,67,4,2268.98
"2021-04-24 00:00:00",,,,2265.1549999999997
"2021-04-25 00:00:00",42,68,8,2261.8599999999997
"2021-04-26 00:00:00",30,96,4,2424.585
"2021-04-27 00:00:00",54,114,7,2583.4049999999997
"2021-04-28 00:00:00",38,102,10,2660.925
"2021-04-29 00:00:00",47,110,7,2735.785
"2021-04-30 00:00:00",39,127,9,2763.6499999999996
"2021-05-01 00:00:00",41,120,18,2855.79
"2021-05-02 00:00:00",43,106,7,2920.675
"2021-05-03 00:00:00",62,190,10,3203.755
"2021-05-04 00:00:00",60,129,13,3358.025
"2021-05-05 00:00:00",64,175,20,3378.665
"2021-05-06 00:00:00",55,204,20,3494.7200000000003
"2021-05-07 00:00:00",50,181,23,3476.5299999999997
"2021-05-08 00:00:00",52,148,32,3707.4049999999997
"2021-05-09 00:00:00",43,118,15,3856.4300000000003
"2021-05-10 00:00:00",109,170,14,3961.26
"2021-05-11 00:00:00",67,128,14,3976.3950000000004
"2021-05-12 00:00:00",46,129,13,4078.515
"2021-05-13 00:00:00",32,126,10,3795.94
"2021-05-14 00:00:00",48,100,2,3936.33
"2021-05-15 00:00:00",57,66,12,3883.9750000000004
"2021-05-16 00:00:00",44,88,16,3614.81
"2021-05-17 00:00:00",37,110,10,3353.71
"2021-05-18 00:00:00",48,114,12,3403.7349999999997
"2021-05-19 00:00:00",41,123,21,2694.585
"2021-05-20 00:00:00",39,135,15,2579.645
"2021-05-21 00:00:00",37,86,8,2523.6949999999997
"2021-05-22 00:00:00",38,57,12,2322.21
"2021-05-23 00:00:00",33,92,3,2059.255
"2021-05-24 00:00:00",30,83,5,2378.64
"2021-05-25 00:00:00",,,,2571.5699999999997
"2021-05-26 00:00:00",,,,2780.27
"2021-05-27 00:00:00",22,71,7,2766.4849999999997
"2021-05-28 00:00:00",29,73,6,2547.965
"2021-05-29 00:00:00",12,54,3,2390.925
"2021-05-30 00:00:00",9,40,1,2329.26
"2021-05-31 00:00:00",19,65,2,2496.83
"2021-06-01 00:00:00",15,60,2,2635.8900000000003
"2021-06-02 00:00:00",484,59,4,2677.39
"2021-06-03 00:00:00",159,57,3,2776.745
"2021-06-04 00:00:00",10,49,2,2706.915
"2021-06-05 00:00:00",28,53,1,2685.255
"2021-06-06 00:00:00",8,36,1,2680.51
"2021-06-07 00:00:00",16,55,0,2711.3
"2021-06-08 00:00:00",20,49,3,2465.8999999999996
"2021-06-09 00:00:00",14,61,4,2517.05
"2021-06-10 00:00:00",12,48,2,2526.44
"2021-06-11 00:00:00",19,60,8,2409.9700000000003
"2021-06-12 00:00:00",5,36,4,2355.75
"2021-06-13 00:00:00",14,39,5,2430.015
"2021-06-14 00:00:00",28,47,12,2535.54
"2021-06-15 00:00:00",23,66,5,2573.885
"2021-06-16 00:00:00",10,42,4,2453.0150000000003
"2021-06-17 00:00:00",16,54,2,2382.685
"2021-06-18 00:00:00",12,50,4,2256.2749999999996
"2021-06-19 00:00:00",34,36,10,2221.2
"2021-06-20 00:00:00",13,21,7,2160.175
"2021-06-21 00:00:00",18,34,10,2064.7
"2021-06-22 00:00:00",52,38,8,1852.2649999999999
"2021-06-23 00:00:00",100,46,7,1936.055
"2021-06-24 00:00:00",30,43,5,1960.37
"2021-06-25 00:00:00",17,47,5,1905.72
"2021-06-26 00:00:00",23,27,9,1784.635
"2021-06-27 00:00:00",21,23,6,1896.3899999999999
"2021-06-28 00:00:00",27,45,3,2052.715
"2021-06-29 00:00:00",14,64,2,2160.51
"2021-06-30 00:00:00",33,89,5,2188.3
"2021-07-01 00:00:00",14,83,3,2175.86
"2021-07-02 00:00:00",17,49,4,2088.785
"2021-07-03 00:00:00",10,41,3,2176.005
"2021-07-04 00:00:00",15,38,1,2289.255
"2021-07-05 00:00:00",41,57,1,2241.55
"2021-07-06 00:00:00",17,38,4,2272.3149999999996
"2021-07-07 00:00:00",20,60,1,2351.62
"2021-07-08 00:00:00",10,47,4,2204.675
"2021-07-09 00:00:00",7,39,23,2117.19
"2021-07-10 00:00:00",10,33,2,2133.16
"2021-07-11 00:00:00",8,47,4,2127.56
"2021-07-12 00:00:00",19,43,4,2087.955
"2021-07-13 00:00:00",12,38,4,1981.99
"2021-07-14 00:00:00",26,43,4,1942.835
"2021-07-15 00:00:00",14,41,2,1960.3200000000002
"2021-07-16 00:00:00",9,33,4,1907.57
"2021-07-17 00:00:00",12,41,2,1884.385
"2021-07-18 00:00:00",7,26,1,1937.55
"2021-07-19 00:00:00",16,55,3,1862.46
"2021-07-20 00:00:00",8,49,2,1780.35
"2021-07-21 00:00:00",6,32,2,1892.9299999999998
"2021-07-22 00:00:00",20,54,7,1997.72
"2021-07-23 00:00:00",17,52,4,2064.225
"2021-07-24 00:00:00",18,45,0,2153.7299999999996
"2021-07-25 00:00:00",16,38,1,2153.1400000000003
"2021-07-26 00:00:00",16,59,1,2302.8450000000003
"2021-07-27 00:00:00",17,40,3,2236.3
"2021-07-28 00:00:00",109,48,5,2296.15
"2021-07-29 00:00:00",385,40,2,2333.8199999999997
"2021-07-30 00:00:00",11,39,1,2395.125
"2021-07-31 00:00:00",12,36,2,2488.06
"2021-08-01 00:00:00",5,31,1,2605.86
"2021-08-02 00:00:00",12,46,3,2586.945
"2021-08-03 00:00:00",11,60,3,2539.7799999999997
"2021-08-04 00:00:00",17,52,1,2614.18
"2021-08-05 00:00:00",14,75,2,2690.2700000000004
"2021-08-06 00:00:00",18,77,1,2835.9
"2021-08-07 00:00:00",12,54,1,3019.74
"2021-08-08 00:00:00",16,36,1,3070.0150000000003
"2021-08-09 00:00:00",12,55,0,3041.6899999999996
"2021-08-10 00:00:00",14,51,3,3143.3900000000003
"2021-08-11 00:00:00",24,69,3,3198.6499999999996
"2021-08-12 00:00:00",15,45,2,3110.24
"2021-08-13 00:00:00",22,65,3,3182.41
"2021-08-14 00:00:00",11,43,2,3270.495
"2021-08-15 00:00:00",4,41,1,3219.315
"2021-08-16 00:00:00",12,60,3,3237.52
"2021-08-17 00:00:00",12,46,4,3143.25
"2021-08-18 00:00:00",15,51,4,3039.38
"2021-08-19 00:00:00",14,47,3,3075.635
"2021-08-20 00:00:00",9,64,7,3240.295
"2021-08-21 00:00:00",17,39,4,3259.73
"2021-08-22 00:00:00",9,47,5,3202.265
"2021-08-23 00:00:00",52,60,7,3306.6400000000003
"2021-08-24 00:00:00",25,39,2,3255.375
"2021-08-25 00:00:00",19,74,5,3164.535
"2021-08-26 00:00:00",22,66,6,3155.45
"2021-08-27 00:00:00",16,80,2,3170.1400000000003
"2021-08-28 00:00:00",15,45,5,3250.435
"2021-08-29 00:00:00",15,41,1,3221.0299999999997
"2021-08-30 00:00:00",13,36,5,3247.675
"2021-08-31 00:00:00",12,59,3,3335.41
"2021-09-01 00:00:00",19,84,6,3613.42
"2021-09-02 00:00:00",18,63,2,3780.8050000000003
"2021-09-03 00:00:00",10,87,2,3869.495
"2021-09-04 00:00:00",13,64,1,3902.465
"2021-09-05 00:00:00",13,41,3,3909.2799999999997
"2021-09-06 00:00:00",19,61,3,3922.34
"2021-09-07 00:00:00",39,46,5,3559.01
"2021-09-08 00:00:00",37,70,4,3389.4
"2021-09-09 00:00:00",18,40,4,3481.705
"2021-09-10 00:00:00",12,53,0,3331.495
"2021-09-11 00:00:00",15,34,4,3274.575
"2021-09-12 00:00:00",13,43,6,3351.91
"2021-09-13 00:00:00",11,41,8,3275.17
"2021-09-14 00:00:00",22,52,2,3354.8450000000003
"2021-09-15 00:00:00",16,44,6,3489.7799999999997
"2021-09-16 00:00:00",22,59,1,3579.195
"2021-09-17 00:00:00",18,65,1,3474.0299999999997
"2021-09-18 00:00:00",13,33,0,3456.115
"2021-09-19 00:00:00",10,35,0,3369.21
"2021-09-20 00:00:00",46,41,4,3135.45
"2021-09-21 00:00:00",26,39,1,2890.635
"2021-09-22 00:00:00",32,47,5,2914.51
"2021-09-23 00:00:00",16,45,3,3107.2749999999996
"2021-09-24 00:00:00",28,70,5,2953
"2021-09-25 00:00:00",22,22,3,2887.17
"2021-09-26 00:00:00",18,24,2,2929.565
"2021-09-27 00:00:00",34,58,8,3045.935
"2021-09-28 00:00:00",28,46,4,2880.835
"2021-09-29 00:00:00",14,64,3,2866.88
"2021-09-30 00:00:00",13,73,3,2943.53
"2021-10-01 00:00:00",18,68,2,3151.66
"2021-10-02 00:00:00",10,37,4,3364.805
"2021-10-03 00:00:00",9,32,2,3416.6949999999997
"2021-10-04 00:00:00",17,35,0,3359.58
"2021-10-05 00:00:00",14,42,3,3456.34
"2021-10-06 00:00:00",32,48,2,3485.92
"2021-10-07 00:00:00",21,63,1,3518.87
"2021-10-08 00:00:00",7,63,5,3602.725
"2021-10-09 00:00:00",12,40,3,3586.57
"2021-10-10 00:00:00",8,27,1,3507.325
"2021-10-11 00:00:00",13,32,0,3498.545
"2021-10-12 00:00:00",40,51,4,3476.55
"2021-10-13 00:00:00",10,26,4,3513.34
"2021-10-14 00:00:00",27,67,2,3707.865
"2021-10-15 00:00:00",51,53,4,3818.6549999999997
"2021-10-16 00:00:00",64,58,2,3886.2349999999997
"2021-10-17 00:00:00",11,47,1,3784.715
"2021-10-18 00:00:00",17,60,5,3785.895
"2021-10-19 00:00:00",17,49,1,3811.0699999999997
"2021-10-20 00:00:00",6,65,1,3999.345
"2021-10-21 00:00:00",19,72,2,4194.225
"2021-10-22 00:00:00",21,85,4,4030.285
"2021-10-23 00:00:00",5,31,0,4054.8
"2021-10-24 00:00:00",11,33,0,4074.535
"2021-10-25 00:00:00",0,0,0,4152.625
"2021-10-26 00:00:00",0,0,0,4194.795
"2021-10-27 00:00:00",0,0,0,4115.31
"2021-10-28 00:00:00",0,0,0,4095.745
"2021-10-29 00:00:00",0,0,0,4364.174999999999
"2021-10-30 00:00:00",0,0,0,4337.555
"2021-10-31 00:00:00",0,0,0,4283.129999999999
"2021-11-01 00:00:00",0,0,0,4268.505
"2021-11-02 00:00:00",0,0,0,4445.610000000001
"2021-11-03 00:00:00",0,0,0,4563.375
"2021-11-04 00:00:00",0,0,0,4515.995
"2021-11-05 00:00:00",0,0,0,4510.03
"2021-11-06 00:00:00",0,0,0,4431.455
"2021-11-07 00:00:00",0,0,0,4572.860000000001
"2021-11-08 00:00:00",0,0,0,4720.29
"2021-11-09 00:00:00",0,0,0,4775.5599999999995
"2021-11-10 00:00:00",0,0,0,4677.075
"2021-11-11 00:00:00",0,0,0,4680.32
"2021-11-12 00:00:00",0,0,0,4659.09
"2021-11-13 00:00:00",0,0,0,4646.530000000001
"2021-11-14 00:00:00",0,0,0,4605.9400000000005
"2021-11-15 00:00:00",0,0,0,4656.085
"2021-11-16 00:00:00",0,0,0,4341.9400000000005
"2021-11-17 00:00:00",0,0,0,4185.79
"2021-11-18 00:00:00",0,0,0,4153.425
"2021-11-19 00:00:00",0,0,0,4144.875
"2021-11-20 00:00:00",0,0,0,4323.33
"2021-11-21 00:00:00",0,0,0,4338.13
"2021-11-22 00:00:00",0,0,0,4171.805
"2021-11-23 00:00:00",0,0,0,4226.295
"2021-11-24 00:00:00",2014,7373,293,4271.355
"2021-11-25 00:00:00",2611,7835,290,4401.985000000001
"2021-11-26 00:00:00",2542,7749,292,4239.07
"2021-11-27 00:00:00",1908,5859,221,4109.405
"2021-11-28 00:00:00",1897,6217,234,4134.245
"2021-11-29 00:00:00",4055,7382,233,4372.555
"2021-11-30 00:00:00",19449,7340,256,4554.27
"2021-12-01 00:00:00",11841,5179,166,4654.8
"2021-12-02 00:00:00",2225,6088,380,4536.16
"2021-12-03 00:00:00",938,3441,373,4374.3
"2021-12-04 00:00:00",79,176,975,3965.26
"2021-12-05 00:00:00",139,370,17,4147.5
"2021-12-06 00:00:00",202,451,33,4149.85
"2021-12-07 00:00:00",720,1613,129,4346.08
"2021-12-08 00:00:00",2132,4251,337,4342.584999999999
"2021-12-09 00:00:00",2776,4604,426,4283.6
"2021-12-10 00:00:00",1617,4737,359,4059.81
"2021-12-11 00:00:00",3444,5274,288,3967.42
"2021-12-12 00:00:00",3352,7705,310,4084.83
"2021-12-13 00:00:00",3270,11308,314,3908.795
"2021-12-14 00:00:00",15662,6843,305,3785.215
"2021-12-15 00:00:00",23855,11176,353,3873.3
"2021-12-16 00:00:00",11886,7201,395,4033.585
"2021-12-17 00:00:00",5405,5633,351,3848.1800000000003
"2021-12-18 00:00:00",17859,7496,331,3883.925
"2021-12-19 00:00:00",20266,8835,295,3960.145
"2021-12-20 00:00:00",38256,36948,591,3869.3450000000003
"2021-12-21 00:00:00",47164,45507,277,3987.665
"2021-12-22 00:00:00",26145,46166,311,4007.9300000000003
"2021-12-23 00:00:00",1769,41709,329,4025.8050000000003
"2021-12-24 00:00:00",1775,17563,388,4076.1000000000004
"2021-12-25 00:00:00",7467,3087,426,4082.56
"2021-12-26 00:00:00",938,13571,394,4057.3
"2021-12-27 00:00:00",5509,9565,865,4079.46
"2021-12-28 00:00:00",11296,8070,759,3899.745
"2021-12-29 00:00:00",7699,4333,335,3716.1
"2021-12-30 00:00:00",8703,3252,282,3678.96
"2021-12-31 00:00:00",1095,2908,248,3718.08
"2022-01-01 00:00:00",1937,2505,215,3726.105
"2022-01-02 00:00:00",2556,3016,137,3786.465
"2022-01-03 00:00:00",2895,4458,125,3766.665
"2022-01-04 00:00:00",32904,4451,114,3803.115
"2022-01-05 00:00:00",46905,4714,123,3636.21
"2022-01-06 00:00:00",3684,3894,182,3424.71
"2022-01-07 00:00:00",11273,4134,156,3248.27
"2022-01-08 00:00:00",1129,3329,131,3123.79
"2022-01-09 00:00:00",25197,2815,111,3135.08
"2022-01-10 00:00:00",24651,3794,154,3054.9300000000003
"2022-01-11 00:00:00",15491,3384,123,3159.24
"2022-01-12 00:00:00",8171,3760,144,3311.69
"2022-01-13 00:00:00",40612,3541,151,3323.645
"2022-01-14 00:00:00",22751,3748,239,3267.645
"2022-01-15 00:00:00",66395,2855,138,3317.575
"2022-01-16 00:00:00",41694,2945,249,3334.08
"2022-01-17 00:00:00",10461,3786,284,3250.885
"2022-01-18 00:00:00",8616,10943,333,3164.825
"2022-01-19 00:00:00",56865,8989,223,3111.62
"2022-01-20 00:00:00",61223,4474,152,3130.01
"2022-01-21 00:00:00",32967,5285,796,2753.46
"2022-01-22 00:00:00",2302,4229,4332,2466.1850000000004
"2022-01-23 00:00:00",1761,3486,200,2461.135
"2022-01-24 00:00:00",1567,3168,217,2351.2200000000003
"2022-01-25 00:00:00",20690,2448,82,2430
"2022-01-26 00:00:00",21909,2190,109,2563.0699999999997
"2022-01-27 00:00:00",6219,2755,122,2418.77
"2022-01-28 00:00:00",6910,2786,133,2459.32
"2022-01-29 00:00:00",4468,5600,75,2579.92
"2022-01-30 00:00:00",2530,8245,96,2592.2
"2022-01-31 00:00:00",3806,7577,88,2593.4700000000003
"2022-02-01 00:00:00",7130,6996,113,2745.5150000000003
"2022-02-02 00:00:00",2760,3435,128,2713.2349999999997
"2022-02-03 00:00:00",373,1113,52,2651.4350000000004
"2022-02-04 00:00:00",2370,2308,74,2835.95
"2022-02-05 00:00:00",975,2973,1210,3012.585
"2022-02-06 00:00:00",1380,3279,11892,3014.125
"2022-02-07 00:00:00",9194,3770,5097,3094.27
"2022-02-08 00:00:00",17003,3350,3069,3131.09
"2022-02-09 00:00:00",33079,3243,7712,3165.275
"2022-02-10 00:00:00",34704,3606,7210,3171.4300000000003
"2022-02-11 00:00:00",31979,3658,3190,3010.115
"2022-02-12 00:00:00",12755,1920,1080,2923.035
"2022-02-13 00:00:00",748,1564,67,2896.815
"2022-02-14 00:00:00",785,1718,79,2899.1099999999997
"2022-02-15 00:00:00",607,2623,93,3055.435
"2022-02-16 00:00:00",629,1980,78,3117.41
"2022-02-17 00:00:00",638,1790,102,3008.265
"2022-02-18 00:00:00",607,1551,143,2849.435
"2022-02-19 00:00:00",495,1395,105,2765.59
"2022-02-20 00:00:00",534,1452,83,2670.9700000000003
"2022-02-21 00:00:00",31398,4603,99,2660.51
"2022-02-22 00:00:00",48411,7292,152,2584.4049999999997
"2022-02-23 00:00:00",46040,4760,110,2666.6099999999997
"2022-02-24 00:00:00",48966,7241,1592,2505.15
"2022-02-25 00:00:00",46952,6648,126,2705.0950000000003
"2022-02-26 00:00:00",6541,1810,57,2801.575
"2022-02-27 00:00:00",683,1022,79,2698.125
"2022-02-28 00:00:00",14938,2134,3705,2758.42
"2022-03-01 00:00:00",19642,2544,2784,2948.475
"2022-03-02 00:00:00",17162,2966,112,2976.05
"2022-03-03 00:00:00",18319,3827,112,2880.9449999999997
"2022-03-04 00:00:00",18696,4599,215,2706.305
"2022-03-05 00:00:00",14074,2605,74,2637.1549999999997
"2022-03-06 00:00:00",19111,2325,126,2612.8450000000003
"2022-03-07 00:00:00",17344,2494,141,2548.4350000000004
"2022-03-08 00:00:00",12798,2289,92,2555.04
"2022-03-09 00:00:00",7849,2406,145,2669.79
"2022-03-10 00:00:00",18619,2248,130,2649.6899999999996
"2022-03-11 00:00:00",1995,2302,85,2597.8100000000004
"2022-03-12 00:00:00",5438,1725,59,2584.165
"2022-03-13 00:00:00",6351,1710,75,2550.24
"2022-03-14 00:00:00",3801,2286,132,2556.01
"2022-03-15 00:00:00",6905,2244,144,2590.4
"2022-03-16 00:00:00",2955,2484,129,2697.535
"2022-03-17 00:00:00",1189,2446,85,2792.795
"2022-03-18 00:00:00",1138,2890,96,2874.815
"2022-03-19 00:00:00",611,1511,44,2945.16
"2022-03-20 00:00:00",509,999,73,2892.0299999999997
"2022-03-21 00:00:00",1357,2043,559,2897.5550000000003
"2022-03-22 00:00:00",3755,2584,1482,2969.05
"2022-03-23 00:00:00",2708,2529,704,2982.675
"2022-03-24 00:00:00",1720,2381,98,3066.8500000000004
"2022-03-25 00:00:00",2961,3093,176,3137.42
"2022-03-26 00:00:00",4463,2527,164,3120.125
"2022-03-27 00:00:00",3820,2645,139,3213.675
"2022-03-28 00:00:00",3872,3106,189,3355.215
"2022-03-29 00:00:00",4211,3501,226,3406.89
"2022-03-30 00:00:00",5071,3637,170,3392.42
"2022-03-31 00:00:00",4559,3200,259,3353.79
"2022-04-01 00:00:00",5348,2816,184,3347.8999999999996
"2022-04-02 00:00:00",2035,2250,143,3483.4
"2022-04-03 00:00:00",1508,1867,108,3497.5
"2022-04-04 00:00:00",4496,2600,160,3477.675
"2022-04-05 00:00:00",5297,3271,199,3475.285
"2022-04-06 00:00:00",10686,3657,211,3285.025
"2022-04-07 00:00:00",16136,3148,136,3206.54
"2022-04-08 00:00:00",7497,3156,159,3243.825
"2022-04-09 00:00:00",5674,2813,150,3225.965
"2022-04-10 00:00:00",6951,2807,148,3250.425
"2022-04-11 00:00:00",6518,3122,206,3082.72
"2022-04-12 00:00:00",5014,3270,158,3019.045
"2022-04-13 00:00:00",5271,2941,194,3063.58
"2022-04-14 00:00:00",3960,3588,228,3060.56
"2022-04-15 00:00:00",4410,2723,144,3026.355
"2022-04-16 00:00:00",4016,2217,159,3048.87
"2022-04-17 00:00:00",2786,1944,180,3032.415
"2022-04-18 00:00:00",4199,2468,182,2976.935
"2022-04-19 00:00:00",4167,2596,176,3081.185
"2022-04-20 00:00:00",4316,2910,227,3101.8450000000003
"2022-04-21 00:00:00",4768,2643,269,3061.315
"2022-04-22 00:00:00",4151,2152,152,2983.48
"2022-04-23 00:00:00",4789,1900,206,2948.365
"2022-04-24 00:00:00",7842,1804,134,2940.255
"2022-04-25 00:00:00",8641,2321,178,2912.365
"2022-04-26 00:00:00",9171,2332,179,2902.915
"2022-04-27 00:00:00",7601,2144,169,2857.4849999999997
"2022-04-28 00:00:00",17092,3160,148,2917.46
"2022-04-29 00:00:00",16636,3145,119,2861.075
"2022-04-30 00:00:00",4260,2732,166,2779.66
"2022-05-01 00:00:00",1130,1469,127,2782.965
"2022-05-02 00:00:00",1199,1536,133,2830.035
"2022-05-03 00:00:00",1445,1483,84,2807.91
"2022-05-04 00:00:00",1509,1433,98,2869.295
"2022-05-05 00:00:00",1288,1539,129,2822.5699999999997
"2022-05-06 00:00:00",1438,1563,127,2695.525
"2022-05-07 00:00:00",1404,1160,103,2646.605
"2022-05-08 00:00:00",1450,1141,82,2563.88
"2022-05-09 00:00:00",1729,1887,176,2376.94
"2022-05-10 00:00:00",2467,2247,133,2328.8450000000003
"2022-05-11 00:00:00",2179,2785,2638,2227.0299999999997
"2022-05-12 00:00:00",1186,2704,6219,1947.415
"2022-05-13 00:00:00",1112,3192,193,2039.855
"2022-05-14 00:00:00",1058,2492,96,2006.925
"2022-05-15 00:00:00",957,1173,69,2079.585
"2022-05-16 00:00:00",3776,1904,134,2060.52
"2022-05-17 00:00:00",6576,9360,102,2062.945
"2022-05-18 00:00:00",2423,2631,123,2007.195
"2022-05-19 00:00:00",1681,1925,91,1969.915
"2022-05-20 00:00:00",1669,1853,128,1991.21
"2022-05-21 00:00:00",2116,1523,112,1961.83
"2022-05-22 00:00:00",2325,1493,160,2008.6699999999998
"2022-05-23 00:00:00",2075,1750,122,2020.855
"2022-05-24 00:00:00",1348,2085,202,1950.8049999999998
"2022-05-25 00:00:00",1681,2222,278,1976.525
"2022-05-26 00:00:00",1789,2219,262,1852.365
"2022-05-27 00:00:00",1590,1688,151,1763.655
"2022-05-28 00:00:00",1559,1471,549,1764.17
"2022-05-29 00:00:00",1550,1313,648,1793.8400000000001
"2022-05-30 00:00:00",1980,2422,683,1906.92
"2022-05-31 00:00:00",4410,2222,372,1970.1
"2022-06-01 00:00:00",4236,2150,178,1867.945
"2022-06-02 00:00:00",4180,1829,187,1816.95
"2022-06-03 00:00:00",1565,1468,148,1789.75
"2022-06-04 00:00:00",776,990,80,1780.88
"2022-06-05 00:00:00",842,911,161,1800.095
"2022-06-06 00:00:00",969,1205,126,1860.8449999999998
"2022-06-07 00:00:00",1080,1623,108,1798.8049999999998
"2022-06-08 00:00:00",1083,1572,135,1800.955
"2022-06-09 00:00:00",1119,1706,97,1804.0549999999998
"2022-06-10 00:00:00",1165,1370,142,1728.72
"2022-06-11 00:00:00",1100,1742,190,1590.375
"2022-06-12 00:00:00",1098,1814,171,1485.52
"2022-06-13 00:00:00",1861,2688,227,1309.205
"2022-06-14 00:00:00",1826,1827,288,1169.76
"2022-06-15 00:00:00",1902,2111,166,1129.065
"2022-06-16 00:00:00",1973,1831,103,1153.42
"2022-06-17 00:00:00",1745,1594,103,1083.31
"2022-06-18 00:00:00",1886,2077,179,989.85
"2022-06-19 00:00:00",1172,1447,122,1045.29
"2022-06-20 00:00:00",1118,1714,104,1109.3049999999998
"2022-06-21 00:00:00",2055,1643,94,1149.975
"2022-06-22 00:00:00",3195,2145,140,1084.4299999999998
"2022-06-23 00:00:00",2451,1415,91,1098.3
"2022-06-24 00:00:00",1702,1943,116,1187.79
"2022-06-25 00:00:00",1449,1542,91,1217.005
"2022-06-26 00:00:00",1663,1383,90,1236.97
"2022-06-27 00:00:00",1335,1647,189,1205.575
"2022-06-28 00:00:00",1441,1614,155,1185.23
"2022-06-29 00:00:00",2199,1675,138,1120.5
"2022-06-30 00:00:00",1895,1554,125,1052.185
"2022-07-01 00:00:00",1633,1409,1585,1070.54
"2022-07-02 00:00:00",1140,1190,8636,1052.1399999999999
"2022-07-03 00:00:00",1062,1205,5295,1062.895
"2022-07-04 00:00:00",1076,1368,78,1101.69
"2022-07-05 00:00:00",1192,1566,104,1123.5549999999998
"2022-07-06 00:00:00",984,1649,136,1156.375
"2022-07-07 00:00:00",1012,1404,86,1207.96
"2022-07-08 00:00:00",989,1451,288,1233.6
"2022-07-09 00:00:00",921,1112,76,1218.37
"2022-07-10 00:00:00",933,1073,398,1186.2849999999999
"2022-07-11 00:00:00",1052,1483,151,1127.7649999999999
"2022-07-12 00:00:00",1145,1400,122,1064.825
"2022-07-13 00:00:00",1123,1442,104,1063.52
"2022-07-14 00:00:00",1016,1524,81,1141.975
"2022-07-15 00:00:00",839,1587,88,1233.22
"2022-07-16 00:00:00",970,1626,105,1295.835
"2022-07-17 00:00:00",1072,1369,103,1352.98
"2022-07-18 00:00:00",1528,2256,112,1464.78
"2022-07-19 00:00:00",1912,2005,153,1559.1599999999999
"2022-07-20 00:00:00",1687,1905,142,1553.9099999999999
"2022-07-21 00:00:00",1936,1566,334,1535.365
"2022-07-22 00:00:00",1439,1559,132,1581.49
"2022-07-23 00:00:00",1064,1224,76,1542.935
"2022-07-24 00:00:00",748,1330,59,1605.4099999999999
"2022-07-25 00:00:00",952,1487,133,1522.815
"2022-07-26 00:00:00",1248,1677,116,1405.645
"2022-07-27 00:00:00",971,1648,468,1532.87
"2022-07-28 00:00:00",1075,2055,277,1691.19
"2022-07-29 00:00:00",1312,1993,423,1711.49
"2022-07-30 00:00:00",825,1299,122,1709.63
"2022-07-31 00:00:00",801,1124,216,1709.97
"2022-08-01 00:00:00",1081,2108,319,1656.01
"2022-08-02 00:00:00",1070,2023,211,1619.6799999999998
"2022-08-03 00:00:00",951,1766,121,1636.93
"2022-08-04 00:00:00",1063,1540,121,1621.975
"2022-08-05 00:00:00",1080,1536,103,1673.2649999999999
"2022-08-06 00:00:00",929,1281,66,1718.355
"2022-08-07 00:00:00",972,1176,88,1699.175
"2022-08-08 00:00:00",1007,1898,142,1755.1599999999999
"2022-08-09 00:00:00",1327,1824,198,1730.26
"2022-08-10 00:00:00",1313,2071,144,1771.43
"2022-08-11 00:00:00",1784,2142,148,1896.2649999999999
"2022-08-12 00:00:00",1732,1897,129,1910.19
"2022-08-13 00:00:00",1679,1943,1985,1983.8899999999999
"2022-08-14 00:00:00",1307,1469,682,1968.615
"2022-08-15 00:00:00",1679,1835,5877,1940.98
"2022-08-16 00:00:00",1680,1868,5129,1884.395
"2022-08-17 00:00:00",1488,1969,6153,1887.4
"2022-08-18 00:00:00",1815,2157,106,1851.93
"2022-08-19 00:00:00",1585,2236,173,1725.615
"2022-08-20 00:00:00",1154,1721,100,1590.685
"2022-08-21 00:00:00",1509,1536,91,1604.2849999999999
"2022-08-22 00:00:00",1698,1747,156,1579.305
"2022-08-23 00:00:00",2273,1915,159,1618.15
"2022-08-24 00:00:00",2015,2050,122,1649.74
"2022-08-25 00:00:00",1829,1863,144,1687.9650000000001
"2022-08-26 00:00:00",2034,1939,134,1596.375
"2022-08-27 00:00:00",1498,1630,89,1483.705
"2022-08-28 00:00:00",2931,1404,82,1467.1750000000002
"2022-08-29 00:00:00",2540,1567,128,1491.09
"2022-08-30 00:00:00",1885,2000,128,1540.23
"2022-08-31 00:00:00",2015,1876,113,1571.72
"2022-09-01 00:00:00",1860,2226,117,1556.1100000000001
"2022-09-02 00:00:00",2029,1618,360,1598.085
"2022-09-03 00:00:00",1654,1414,118,1558.66
"2022-09-04 00:00:00",1160,1321,70,1561.85
"2022-09-05 00:00:00",984,1838,117,1593.29
"2022-09-06 00:00:00",1115,2454,165,1621.25
"2022-09-07 00:00:00",1423,2006,126,1573.6950000000002
"2022-09-08 00:00:00",1434,1776,509,1629.5700000000002
"2022-09-09 00:00:00",1344,2095,148,1687.625
"2022-09-10 00:00:00",1117,1635,97,1748.5349999999999
"2022-09-11 00:00:00",1163,1953,81,1755.875
"2022-09-12 00:00:00",1509,2573,219,1738.215
"2022-09-13 00:00:00",1738,3067,193,1658.835
"2022-09-14 00:00:00",1553,3603,306,1601.755
"2022-09-15 00:00:00",2269,4534,1004,1556.705
"2022-09-16 00:00:00",1795,2970,290,1445.83
"2022-09-17 00:00:00",2199,1738,177,1442.7
"2022-09-18 00:00:00",1513,1495,132,1398.165
"2022-09-19 00:00:00",1398,1840,209,1337.04
"2022-09-20 00:00:00",2767,1933,157,1348.7849999999999
"2022-09-21 00:00:00",2903,1868,156,1310.185
"2022-09-22 00:00:00",2052,1782,116,1290.095
"2022-09-23 00:00:00",1815,1696,72,1310.9
"2022-09-24 00:00:00",1418,1356,93,1327.96
"2022-09-25 00:00:00",1059,1332,67,1303.91
"2022-09-26 00:00:00",1369,1562,153,1310.095
"2022-09-27 00:00:00",1007,1650,97,1352.415
"2022-09-28 00:00:00",1109,1309,236,1306.6
"2022-09-29 00:00:00",1048,1263,150,1320.0949999999998
"2022-09-30 00:00:00",502,1019,69,1344.58
"2022-10-01 00:00:00",429,1370,60,1318.52
"2022-10-02 00:00:00",507,873,76,1294.85
"2022-10-03 00:00:00",576,1121,145,1297.6100000000001
"2022-10-04 00:00:00",876,1026,229,1344.5549999999998
"2022-10-05 00:00:00",676,1094,87,1340.72
"2022-10-06 00:00:00",608,1081,101,1365.4099999999999
"2022-10-07 00:00:00",776,1129,89,1339.7350000000001
"2022-10-08 00:00:00",489,756,90,1320.65
"2022-10-09 00:00:00",567,683,51,1318.2199999999998
"2022-10-10 00:00:00",649,1102,87,1313.95
"2022-10-11 00:00:00",885,1084,77,1282.945
"2022-10-12 00:00:00",887,1374,83,1290.62
"2022-10-13 00:00:00",718,1176,117,1250.35
"2022-10-14 00:00:00",717,1646,75,1313.605
"2022-10-15 00:00:00",585,2144,119,1282.905
"2022-10-16 00:00:00",508,1595,81,1295.005
"2022-10-17 00:00:00",797,1511,79,1317.25
"2022-10-18 00:00:00",728,1583,153,1314.255
"2022-10-19 00:00:00",642,1513,124,1296.92
"2022-10-20 00:00:00",1060,2077,150,1291.21
"2022-10-21 00:00:00",611,1199,144,1280.85
"2022-10-22 00:00:00",666,1426,115,1307.005
"2022-10-23 00:00:00",511,2513,108,1335.445
"2022-10-24 00:00:00",906,1319,97,1347.46
"2022-10-25 00:00:00",1021,1655,114,1429.72
"2022-10-26 00:00:00",1003,1702,130,1526.4850000000001
"2022-10-27 00:00:00",1365,1800,196,1541.67
"2022-10-28 00:00:00",979,1570,270,1529.395
"2022-10-29 00:00:00",1056,1734,295,1605.94
"2022-10-30 00:00:00",1715,2420,417,1608.745
"2022-10-31 00:00:00",1551,2375,337,1591.75
"2022-11-01 00:00:00",1253,2072,241,1587.6350000000002
"2022-11-02 00:00:00",1022,1802,221,1561.33
"2022-11-03 00:00:00",797,1472,246,1536.955
"2022-11-04 00:00:00",1021,2160,112,1599.895
"2022-11-05 00:00:00",787,1888,70,1643.77
"2022-11-06 00:00:00",574,1834,104,1602.125
"2022-11-07 00:00:00",712,2104,111,1577.665
"2022-11-08 00:00:00",1026,2617,166,1415.02
"2022-11-09 00:00:00",897,2804,201,1209.165
"2022-11-10 00:00:00",794,2336,169,1218.905
"2022-11-11 00:00:00",730,2063,134,1253.4650000000001
"2022-11-12 00:00:00",550,1138,83,1262.655
"2022-11-13 00:00:00",754,1468,132,1236.1999999999998
"2022-11-14 00:00:00",867,1610,114,1229.8200000000002
"2022-11-15 00:00:00",791,1561,110,1260.6799999999998
"2022-11-16 00:00:00",795,1465,134,1226.275
"2022-11-17 00:00:00",608,1324,94,1204.475
"2022-11-18 00:00:00",916,1211,101,1214.9
"2022-11-19 00:00:00",671,1158,46,1214.03
"2022-11-20 00:00:00",601,1142,132,1177.935
"2022-11-21 00:00:00",819,1427,215,1112.155
"2022-11-22 00:00:00",647,1258,138,1107.52
"2022-11-23 00:00:00",606,1377,79,1157.7199999999998
"2022-11-24 00:00:00",507,1539,63,1197.4650000000001
"2022-11-25 00:00:00",622,1292,96,1188.065
"2022-11-26 00:00:00",789,1221,85,1214.71
"2022-11-27 00:00:00",854,1411,72,1205.75
"2022-11-28 00:00:00",886,1748,145,1174.475
"2022-11-29 00:00:00",812,1882,81,1191.86
"2022-11-30 00:00:00",919,1665,292,1260.775
"2022-12-01 00:00:00",902,1262,276,1281.5100000000002
"2022-12-02 00:00:00",823,1289,272,1281.3899999999999
"2022-12-03 00:00:00",474,940,75,1272.12
"2022-12-04 00:00:00",472,858,88,1263.44
"2022-12-05 00:00:00",523,1086,97,1276.4099999999999
"2022-12-06 00:00:00",544,1264,137,1258.375
"2022-12-07 00:00:00",588,1076,76,1246.905
"2022-12-08 00:00:00",754,1326,76,1256.8200000000002
"2022-12-09 00:00:00",734,1277,95,1275.885
"2022-12-10 00:00:00",521,1107,53,1271.41
"2022-12-11 00:00:00",785,1156,58,1270.6799999999998
"2022-12-12 00:00:00",879,1119,85,1259.76
"2022-12-13 00:00:00",815,1478,100,1301.435
"2022-12-14 00:00:00",849,1205,61,1326.425
"2022-12-15 00:00:00",861,1429,90,1285.7350000000001
"2022-12-16 00:00:00",640,1335,71,1218.775
"2022-12-17 00:00:00",463,1031,55,1175.925
"2022-12-18 00:00:00",463,854,50,1184.71
"2022-12-19 00:00:00",539,1139,111,1173.46
"2022-12-20 00:00:00",829,995,77,1195.83
"2022-12-21 00:00:00",1884,1216,90,1212.43
"2022-12-22 00:00:00",2777,1147,94,1207.105
"2022-12-23 00:00:00",607,890,44,1221.065
"2022-12-24 00:00:00",484,659,39,1220.2350000000001
"2022-12-25 00:00:00",831,2886,53,1211.6599999999999
"2022-12-26 00:00:00",6544,1054,67,1221.27
"2022-12-27 00:00:00",1402,865,83,1217.755
"2022-12-28 00:00:00",1160,952,62,1198.5149999999999
"2022-12-29 00:00:00",1235,2159,105,1195.865
"2022-12-30 00:00:00",597,1823,228,1191.88
"2022-12-31 00:00:00",422,1690,324,1199.325
"2023-01-01 00:00:00",435,1151,117,1197.3049999999998
"2023-01-02 00:00:00",2018,1613,92,1207.375
"2023-01-03 00:00:00",1185,1247,229,1212.215
"2023-01-04 00:00:00",590,1166,218,1239.72
"2023-01-05 00:00:00",966,852,126,1250.77
"2023-01-06 00:00:00",567,865,508,1255.75
"2023-01-07 00:00:00",817,911,349,1265.775
"2023-01-08 00:00:00",636,1646,352,1275.3
"2023-01-09 00:00:00",798,1917,106,1314.5900000000001
"2023-01-10 00:00:00",655,1668,85,1331.63
"2023-01-11 00:00:00",706,1552,154,1357.13
"2023-01-12 00:00:00",1119,1915,178,1402.2
"2023-01-13 00:00:00",1420,1565,174,1432.635
"2023-01-14 00:00:00",1270,1398,290,1525.17
"2023-01-15 00:00:00",554,908,212,1541.565
"2023-01-16 00:00:00",587,1228,396,1562.2150000000001
"2023-01-17 00:00:00",2130,2131,294,1574.685
"2023-01-18 00:00:00",2545,1358,130,1556.1799999999998
"2023-01-19 00:00:00",1812,1320,92,1536.235
"2023-01-20 00:00:00",765,1387,101,1602.405
"2023-01-21 00:00:00",558,2115,115,1650.395
"2023-01-22 00:00:00",664,1432,81,1635.115
"2023-01-23 00:00:00",978,1687,79,1619.65
"2023-01-24 00:00:00",1263,1687,58,1589.315
"2023-01-25 00:00:00",935,1446,86,1578.87
"2023-01-26 00:00:00",989,1158,75,1605.805
"2023-01-27 00:00:00",869,1244,129,1587.5349999999999
"2023-01-28 00:00:00",828,3722,86,1582.645
"2023-01-29 00:00:00",859,5512,99,1612.675
"2023-01-30 00:00:00",1912,3985,133,1593.35
"2023-01-31 00:00:00",3312,5187,101,1582.9
"2023-02-01 00:00:00",1486,2108,72,1602.875
"2023-02-02 00:00:00",1953,11338,90,1671.28
"2023-02-03 00:00:00",3382,6040,127,1651.965
"2023-02-04 00:00:00",2548,8169,68,1670.5149999999999
"2023-02-05 00:00:00",2974,7093,307,1642.5
"2023-02-06 00:00:00",2292,1788,256,1632.6
"2023-02-07 00:00:00",1751,1606,91,1645.375
"2023-02-08 00:00:00",2196,1229,103,1664.365
"2023-02-09 00:00:00",2246,1466,270,1591.6550000000002
"2023-02-10 00:00:00",1866,1902,186,1525.445
"2023-02-11 00:00:00",3528,1196,61,1525.7350000000001
"2023-02-12 00:00:00",5147,1023,48,1521.5949999999998
"2023-02-13 00:00:00",6107,1272,95,1495.205
"2023-02-14 00:00:00",11462,1126,76,1530.54
"2023-02-15 00:00:00",13295,1394,74,1610.86
"2023-02-16 00:00:00",10078,1729,72,1687.82
"2023-02-17 00:00:00",1781,1454,62,1676.9299999999998
"2023-02-18 00:00:00",2819,1383,87,1696.135
"2023-02-19 00:00:00",2690,1690,72,1696.665
"2023-02-20 00:00:00",1369,1440,96,1686.025
"2023-02-21 00:00:00",3834,1414,116,1676.9850000000001
"2023-02-22 00:00:00",2427,1880,174,1632.295
"2023-02-23 00:00:00",3099,2255,190,1654.2649999999999
"2023-02-24 00:00:00",954,1302,110,1620.7649999999999
"2023-02-25 00:00:00",3547,1175,62,1584.675
"2023-02-26 00:00:00",4351,1083,63,1618.685
"2023-02-27 00:00:00",8601,1147,90,1637
"2023-02-28 00:00:00",10022,1278,131,1623.025
"2023-03-01 00:00:00",7734,3479,113,1633.1
"2023-03-02 00:00:00",8579,5580,79,1648.575
"2023-03-03 00:00:00",7556,3597,90,1598.635
"2023-03-04 00:00:00",6273,988,70,1563.725
"2023-03-05 00:00:00",5844,1759,52,1571.77
"2023-03-06 00:00:00",4171,1498,63,1569.045
"2023-03-07 00:00:00",1719,1376,89,1559.9250000000002
"2023-03-08 00:00:00",1262,1146,118,1548.9650000000001
"2023-03-09 00:00:00",827,1477,266,1477.525
"2023-03-10 00:00:00",654,3680,204,1405.21
"2023-03-11 00:00:00",470,3202,82,1454.47
"2023-03-12 00:00:00",486,2533,99,1532.98
"2023-03-13 00:00:00",834,1277,92,1635.455
"2023-03-14 00:00:00",999,1498,76,1724.105
"2023-03-15 00:00:00",822,2086,72,1668.72
"2023-03-16 00:00:00",867,1389,86,1666.37
"2023-03-17 00:00:00",2823,1656,105,1734.115
"2023-03-18 00:00:00",2494,1127,76,1798.545
"2023-03-19 00:00:00",3068,969,43,1804.235
"2023-03-20 00:00:00",2060,1210,76,1768.4699999999998
"2023-03-21 00:00:00",2025,1573,68,1781.335
"2023-03-22 00:00:00",1800,1624,64,1770.075
"2023-03-23 00:00:00",1879,1843,77,1796.1999999999998
"2023-03-24 00:00:00",776,1692,190,1775.38
"2023-03-25 00:00:00",516,1355,89,1739.9850000000001
"2023-03-26 00:00:00",487,1366,63,1770
"2023-03-27 00:00:00",695,1806,92,1735.1399999999999
"2023-03-28 00:00:00",652,1396,60,1748.96
"2023-03-29 00:00:00",1333,1421,64,1799.675
"2023-03-30 00:00:00",1162,1366,66,1796.65
"2023-03-31 00:00:00",731,1241,38,1813.955
"2023-04-01 00:00:00",570,1132,45,1826.4699999999998
"2023-04-02 00:00:00",597,1048,56,1800.1100000000001
"2023-04-03 00:00:00",608,1257,58,1802.255
"2023-04-04 00:00:00",628,1444,49,1846.2649999999999
"2023-04-05 00:00:00",696,1735,70,1901.37
"2023-04-06 00:00:00",572,1317,57,1882.695
"2023-04-07 00:00:00",623,1240,45,1863.565
"2023-04-08 00:00:00",496,1195,54,1864.3600000000001
"2023-04-09 00:00:00",496,937,78,1850.955
"2023-04-10 00:00:00",608,1263,66,1883.5900000000001
"2023-04-11 00:00:00",781,1724,65,1910.405
"2023-04-12 00:00:00",1860,2895,674,1894.475
"2023-04-13 00:00:00",4306,1933,2880,1961.9650000000001
"2023-04-14 00:00:00",5773,1709,2916,2070.4